tid,start_time,end_time,function,container_id,duration,cold_start_latency,cpu,inputs,p90_cpu,p95_cpu,p99_cpu,max_cpu,max_mem,invoker_ip
#tid_78679e8dd786ced724a8c48444f758c7,2023-09-13T17:24:58.158Z,2023-09-13T17:25:12.909Z,floatmatmult_8,5075a7a624738aec7df4d2360c8824c6bbdcbf406027611cad340f883d5af0c2,14751,0,8,"[-1, -1]",,,,,,129.114.108.158
#tid_4a0c760a3d26ace218bddeda7f67f15f,2023-09-13T17:25:46.993Z,2023-09-13T17:26:02.043Z,floatmatmult_8,5075a7a624738aec7df4d2360c8824c6bbdcbf406027611cad340f883d5af0c2,15049,0,8,"[-1, -1]",,,,,,129.114.108.158
#tid_f370d41ecd4488ec0e9a505f03d1399d,2023-09-13T17:27:12.530Z,2023-09-13T17:27:27.765Z,floatmatmult_8,5075a7a624738aec7df4d2360c8824c6bbdcbf406027611cad340f883d5af0c2,15235,0,8,"[-1, -1]",,,,,,129.114.108.158
#tid_268f89368396498c74df489801154c20,2023-09-13T17:32:35.021Z,2023-09-13T17:32:49.602Z,floatmatmult_8,5075a7a624738aec7df4d2360c8824c6bbdcbf406027611cad340f883d5af0c2,14580,0,8,"[-1, -1]",,,,,,129.114.108.158
#tid_d2f0f818ff5e2eec20a4deb2a4666462,2023-09-13T17:33:29.362Z,2023-09-13T17:33:44.377Z,floatmatmult_8,5075a7a624738aec7df4d2360c8824c6bbdcbf406027611cad340f883d5af0c2,15015,0,8,"[-1, -1]",,,,,,129.114.108.158
#tid_50b0cbf6179085291da121ca740ce41a,2023-09-13T17:34:02.595Z,2023-09-13T17:34:17.269Z,floatmatmult_8,5075a7a624738aec7df4d2360c8824c6bbdcbf406027611cad340f883d5af0c2,14673,0,8,"[-1, -1]",,,,,,129.114.108.158
#tid_fb8d142a127ff6c6499b51678802f295,2023-09-13T17:34:48.209Z,2023-09-13T17:35:02.824Z,floatmatmult_8,5075a7a624738aec7df4d2360c8824c6bbdcbf406027611cad340f883d5af0c2,14614,0,8,"[-1, -1]",,,,,,129.114.108.158
#tid_0298ecc40d8348d73c4a41e559826c22,2023-09-13T17:34:51.988Z,2023-09-13T17:34:55.500Z,imageprocess,8185cbff06c3916258e999f3db6a8641b764398609a157476bee8048b8010ade,3512,544,-1,"[-1, -1]",,,,,,129.114.108.158
#tid_422c558d8b45ffa1a4dae3064cd2e9e8,2023-09-13T21:44:28.715Z,2023-09-13T21:44:43.706Z,floatmatmult_8,7f37f882f8c213c078465a7eb267e93dfca2e858f5b27536ec7599b46ee67f1c,14990,654,8,"[-1, -1]",,,,,,129.114.108.158
#tid_22fabe46a093e8363712097864c4a5dd,2023-09-13T21:46:42.825Z,2023-09-13T21:46:58.060Z,floatmatmult_8,7f37f882f8c213c078465a7eb267e93dfca2e858f5b27536ec7599b46ee67f1c,15234,0,8,"[-1, -1]",,,,,,129.114.108.158
#tid_66778cade7bbbc58c53d9e6ef127bea0,2023-09-13T21:50:12.146Z,2023-09-13T21:50:27.234Z,floatmatmult_8,7f37f882f8c213c078465a7eb267e93dfca2e858f5b27536ec7599b46ee67f1c,15087,0,8,"[-1, -1]",,,,,,129.114.108.158
#tid_0e050b0cf3c652bd3a11b038c996d305,2023-09-13T21:52:55.605Z,2023-09-13T21:53:10.796Z,floatmatmult_8,7f37f882f8c213c078465a7eb267e93dfca2e858f5b27536ec7599b46ee67f1c,15190,0,8,"[-1, -1]",,,,,,129.114.108.158
#tid_a26e8057a45cb3a8f6cd6251f869d567,2023-09-13T21:57:27.037Z,2023-09-13T21:57:41.894Z,floatmatmult_8,7f37f882f8c213c078465a7eb267e93dfca2e858f5b27536ec7599b46ee67f1c,14857,0,8,"[-1, -1]",,,,,,129.114.108.158
#tid_b1b38779cfc8fdf152ed900a2e7cdc0b,2023-09-13T21:58:19.493Z,2023-09-13T21:58:34.350Z,floatmatmult_8,7f37f882f8c213c078465a7eb267e93dfca2e858f5b27536ec7599b46ee67f1c,14856,0,8,"[-1, -1]",,,,,,129.114.108.158
#tid_bbb20cc0bc8c4f3625af10c9f021c849,2023-09-13T21:59:55.069Z,2023-09-13T22:00:10.351Z,floatmatmult_8,7f37f882f8c213c078465a7eb267e93dfca2e858f5b27536ec7599b46ee67f1c,15282,0,8,"[-1, -1]",,,,,,129.114.108.158
#tid_c27ac11d02c4c21eb872e3b9738feae2,2023-09-13T22:02:20.610Z,2023-09-13T22:02:35.975Z,floatmatmult_8,7f37f882f8c213c078465a7eb267e93dfca2e858f5b27536ec7599b46ee67f1c,15365,0,8,"[-1, -1]",,,,,,129.114.108.158
#tid_40b1bcd809260a922ceeb8174545084d,2023-09-13T22:07:47.626Z,2023-09-13T22:08:02.479Z,floatmatmult_8,7f37f882f8c213c078465a7eb267e93dfca2e858f5b27536ec7599b46ee67f1c,14853,0,8,"[-1, -1]",,,,,,129.114.108.158
#tid_be64f28caef8055686b7c02fade7208c,2023-09-13T22:33:51.229Z,2023-09-13T22:34:06.802Z,floatmatmult_8,477ec30dbefde9a6b3610585543705dbeb2b38017070db96f3ec98b9f49d9fd2,15573,743,8,"[-1, -1]",,,,,,129.114.108.158
#tid_ddbd50163bf5aa426bc56538057bd616,2023-09-13T22:34:18.113Z,2023-09-13T22:34:32.930Z,floatmatmult_8,477ec30dbefde9a6b3610585543705dbeb2b38017070db96f3ec98b9f49d9fd2,14816,0,8,"[-1, -1]",,,,,,129.114.108.158
#tid_c387f53eaf7d8b1a0cee5f523c58b355,2023-09-13T22:35:20.150Z,2023-09-13T22:35:35.005Z,floatmatmult_8,477ec30dbefde9a6b3610585543705dbeb2b38017070db96f3ec98b9f49d9fd2,14855,0,8,"[-1, -1]",,,,,,129.114.108.158
#tid_d4b1358929cdb5800287e331fdeb44b7,2023-09-13T22:38:26.640Z,2023-09-13T22:38:41.613Z,floatmatmult_8,fdf3f5de8ad59ae68fb742d94040dc0320e7d663f586693fb336f4fb6588c776,14972,696,8,"[-1, -1]",,,,,,129.114.108.158
#tid_029e9bdfff6bf7f009ff7867cc3490d2,2023-09-13T22:38:48.021Z,2023-09-13T22:39:03.123Z,floatmatmult_8,fdf3f5de8ad59ae68fb742d94040dc0320e7d663f586693fb336f4fb6588c776,15102,0,8,"[-1, -1]",,,,,,129.114.108.158
#tid_18e84ae2a689b29cd2d549b5701b887c,2023-09-13T22:41:46.832Z,2023-09-13T22:42:01.657Z,floatmatmult_8,a21cc4993d6e9b9edc055f0adc5b62c939aee31ab5aa952e11517eb128c356d2,14824,680,8,"[-1, -1]",,,,,,129.114.108.158
#tid_b2b97c966ac77db29da6670bb5063592,2023-09-13T22:42:16.493Z,2023-09-13T22:42:31.248Z,floatmatmult_8,a21cc4993d6e9b9edc055f0adc5b62c939aee31ab5aa952e11517eb128c356d2,14754,0,8,"[-1, -1]",,,,,,129.114.108.158
#tid_a127904a951a2e0508e08932e5f38498,2023-09-13T22:42:36.096Z,2023-09-13T22:42:50.894Z,floatmatmult_8,a21cc4993d6e9b9edc055f0adc5b62c939aee31ab5aa952e11517eb128c356d2,14797,0,8,"[-1, -1]",,,,,,129.114.108.158
#tid_23e0349951d307195193ae935b62bd39,2023-09-13T22:43:17.726Z,2023-09-13T22:43:32.639Z,floatmatmult_8,a21cc4993d6e9b9edc055f0adc5b62c939aee31ab5aa952e11517eb128c356d2,14913,0,8,"[-1, -1]",,,,,,129.114.108.158
#tid_9711c2d39f2fd90ba1f50ad52feac980,2023-09-13T22:43:21.846Z,2023-09-13T22:43:25.610Z,imageprocess,0bd3d0127f6cf734781d762f538dd86778bbf93efb44cb5535d8160da1a22cf0,3763,492,-1,"[-1, -1]",,,,,,129.114.108.158
#tid_63648c806525129384ab790d8ae1ebed,2023-09-14T01:08:11.530Z,2023-09-14T01:08:27.086Z,floatmatmult_8,26f148ea372c97c43548385a62a17863dee43c4d8dff9a8827cf798fba0748ed,15555,727,8,"[-1, -1]",,,,,,129.114.108.158
#tid_a9261e7db0f29612deb5600c0323df1c,2023-09-14T01:09:14.641Z,2023-09-14T01:09:29.621Z,floatmatmult_8,26f148ea372c97c43548385a62a17863dee43c4d8dff9a8827cf798fba0748ed,14979,0,8,"[-1, -1]",,,,,,129.114.108.158
#tid_2928b98803df1b03469a74df3b55eb1e,2023-09-14T01:10:50.451Z,2023-09-14T01:11:05.896Z,floatmatmult_8,d775c7bfdc8c9a94990f4b61392d812a96e4fffdc571fbaede7d8bb0f9950d34,15444,733,8,"[-1, -1]",,,,,,129.114.108.158
#tid_a13a095123fab36278353bc8fa36b835,2023-09-14T01:12:16.937Z,2023-09-14T01:12:32.396Z,floatmatmult_8,d775c7bfdc8c9a94990f4b61392d812a96e4fffdc571fbaede7d8bb0f9950d34,15459,0,8,"[-1, -1]",,,,,,129.114.108.158
#tid_d30a5a0c20e484d357623431ca35f2a9,2023-09-14T01:13:33.922Z,2023-09-14T01:13:49.079Z,floatmatmult_8,d775c7bfdc8c9a94990f4b61392d812a96e4fffdc571fbaede7d8bb0f9950d34,15156,0,8,"[-1, -1]",,,,,,129.114.108.158
#tid_1ee8a20314a33307c9788684566cff06,2023-09-14T01:15:34.023Z,2023-09-14T01:15:48.801Z,floatmatmult_8,744d1125b27fac584ae804fc2c3d1c08a94c7893c0004a13d10e7449047d469e,14778,699,8,"[-1, -1]",,,,,,129.114.108.158
#tid_9fb03fbb225d37f14f75a102cfe67c47,2023-09-14T01:17:18.057Z,2023-09-14T01:17:33.242Z,floatmatmult_8,744d1125b27fac584ae804fc2c3d1c08a94c7893c0004a13d10e7449047d469e,15184,0,8,"[-1, -1]",,,,,,129.114.108.158
#tid_2446125d141c0363fed6d2122ddd3bed,2023-09-14T01:17:22.624Z,2023-09-14T01:17:26.224Z,imageprocess,b1f4307d83ab8564b970528e60f3dcc56c819dcc73d45ed6a7de578f2daadcff,3599,504,-1,"[-1, -1]",,,,,,129.114.108.158
#tid_9dac4323dd880ad8d422cdc22e825fc6,2023-09-14T23:26:11.880Z,2023-09-14T23:26:24.166Z,floatmatmult_30,e709686b9d24837b8abfe0efcdf33c0a1c018d52c2ec01dd1749160033fff294,12286,595,-1,"[-1, -1]",,,,,,129.114.108.158
#tid_89718512ccf4627b9f1f8783678d73a7,2023-09-14T23:38:25.250Z,2023-09-14T23:38:38.322Z,floatmatmult_20,7a85de682ad8e809157883eada1887b0465eb08ec4ee65d0ebaa039ae2ebe705,13072,643,-1,"[-1, -1]",,,,,,129.114.108.158
#tid_9d1871727b59c7baebc7936deb4a4ce9,2023-09-14T23:44:03.589Z,2023-09-14T23:44:16.386Z,floatmatmult_20,7a85de682ad8e809157883eada1887b0465eb08ec4ee65d0ebaa039ae2ebe705,12796,0,-1,"[-1, -1]",,,,,,129.114.108.158
#tid_37d8527bc2c9f88e56ef409a02063141,2023-09-14T23:48:03.879Z,2023-09-14T23:48:16.940Z,floatmatmult_20,d84f0eb78d91cc10c9ca9e69202f8bdddcc1d7e1c02c172c39c85eb05b205064,13061,673,-1,"[-1, -1]",,,,,,129.114.108.158
#tid_fec8180765cdfe9c12fe33976c2dc281,2023-09-14T23:50:32.904Z,2023-09-14T23:50:45.886Z,floatmatmult_20,507daa54896f3650b49c9087abf28b6e850d57843b6b7b45c0aea4b290713668,12982,637,-1,"[-1, -1]",,,,,,129.114.108.158
#tid_97a369121bd57ac90dabb3b59e8f38ff,2023-09-14T23:52:07.200Z,2023-09-14T23:52:20.345Z,floatmatmult_20,7fe4d87c62b73c011f37e0ba58dca354d38c7a97c79b53232d564480aa03beba,13144,636,-1,"[-1, -1]",,,,,,129.114.108.158
#tid_1cb3d2c249aaf24f949e5ede6af39d68,2023-09-15T00:01:09.111Z,2023-09-15T00:01:22.172Z,floatmatmult_20,5a50230fd4fb44072fc2e2763a85bc5082ccc39d80bc8368288cedaf2116ec35,13060,675,-1,"[-1, -1]",,,,,,129.114.108.158
#tid_3767a753af09dfdc341798975799d725,2023-09-15T00:03:15.822Z,2023-09-15T00:03:28.941Z,floatmatmult_20,7e23f2708def3ac5d1657ad09cc32c3ceb24e66dfc4ca6b23b62afa16a86d4c4,13118,665,-1,"[-1, -1]",,,,,,129.114.108.158
#tid_dc1555d37f1f1c2682c9ef3ad560fee2,2023-09-15T00:04:43.977Z,2023-09-15T00:04:56.935Z,floatmatmult_20,7e23f2708def3ac5d1657ad09cc32c3ceb24e66dfc4ca6b23b62afa16a86d4c4,12957,0,-1,"[-1, -1]",,,,,,129.114.108.158
#tid_211ca142a0a53f9ca2c48b6cfdef695d,2023-09-15T00:08:13.076Z,2023-09-15T00:08:26.147Z,floatmatmult_20,ba0cb48447dcb4ec35c0439aba17939bdf126a8f20e1b35b065f4e8c5d04988f,13070,579,-1,"[-1, -1]",,,,,,129.114.108.158
#tid_1b3b5238a83f8b16cd2bd9984e584378,2023-09-15T00:08:54.461Z,2023-09-15T00:09:07.379Z,floatmatmult_20,ba0cb48447dcb4ec35c0439aba17939bdf126a8f20e1b35b065f4e8c5d04988f,12918,0,-1,"[-1, -1]",,,,,,129.114.108.158
#tid_cb6390989e024edc9a3fd30041d989c4,2023-09-15T00:09:52.169Z,2023-09-15T00:10:05.112Z,floatmatmult_20,ba0cb48447dcb4ec35c0439aba17939bdf126a8f20e1b35b065f4e8c5d04988f,12942,0,-1,"[-1, -1]",,,,,,129.114.108.158
#tid_968896fd078d21a1ac1ad0080d35de6c,2023-09-15T00:10:46.606Z,2023-09-15T00:10:59.193Z,floatmatmult_20,ba0cb48447dcb4ec35c0439aba17939bdf126a8f20e1b35b065f4e8c5d04988f,12587,0,-1,"[-1, -1]",,,,,,129.114.108.158
#tid_83bbcfa3b37f9ef0fb336f4bc04f81a0,2023-09-15T00:13:44.678Z,2023-09-15T00:13:57.660Z,floatmatmult_20,ba0cb48447dcb4ec35c0439aba17939bdf126a8f20e1b35b065f4e8c5d04988f,12982,0,-1,"[-1, -1]",,,,,,129.114.108.158
#tid_def8c8e93357a420084b42bf0e120dff,2023-09-15T00:15:20.405Z,2023-09-15T00:15:33.164Z,floatmatmult_20,ba0cb48447dcb4ec35c0439aba17939bdf126a8f20e1b35b065f4e8c5d04988f,12758,0,-1,"[-1, -1]",,,,,,129.114.108.158
#tid_cbede7edd8118f8311f9d2570a22f481,2023-09-15T00:17:31.377Z,2023-09-15T00:17:43.912Z,floatmatmult_20,ba0cb48447dcb4ec35c0439aba17939bdf126a8f20e1b35b065f4e8c5d04988f,12534,0,-1,"[-1, -1]",,,,,,129.114.108.158
#tid_fa8d78d3aa94b672611822dc94688afd,2023-09-15T00:24:48.241Z,2023-09-15T00:25:00.594Z,floatmatmult_20,ba0cb48447dcb4ec35c0439aba17939bdf126a8f20e1b35b065f4e8c5d04988f,12352,0,-1,"[-1, -1]",,,,,,129.114.108.158
#tid_b0b9e1a55defafa420f42316c07e506c,2023-09-15T00:26:08.081Z,2023-09-15T00:26:20.671Z,floatmatmult_20,ba0cb48447dcb4ec35c0439aba17939bdf126a8f20e1b35b065f4e8c5d04988f,12589,0,-1,"[-1, -1]",,,,,,129.114.108.158
#tid_0aeaef3495e323dc29aaf8057243b4d0,2023-09-15T00:27:11.525Z,2023-09-15T00:27:24.123Z,floatmatmult_20,ba0cb48447dcb4ec35c0439aba17939bdf126a8f20e1b35b065f4e8c5d04988f,12597,0,-1,"[-1, -1]",,,,,,129.114.108.158
#tid_7b14f88f88b5a7e3d105400a95253905,2023-09-15T00:28:06.018Z,2023-09-15T00:28:18.580Z,floatmatmult_20,ba0cb48447dcb4ec35c0439aba17939bdf126a8f20e1b35b065f4e8c5d04988f,12561,0,-1,"[-1, -1]",,,,,,129.114.108.158
#tid_eb1b09e060a66d43ff0bf19927515b85,2023-09-15T00:34:16.830Z,2023-09-15T00:34:29.395Z,floatmatmult_20,ba0cb48447dcb4ec35c0439aba17939bdf126a8f20e1b35b065f4e8c5d04988f,12565,0,-1,"[-1, -1]",,,,,,129.114.108.158
#tid_ddc99018b0a8e440ddf3f4a64b1e309f,2023-09-15T01:13:48.325Z,2023-09-15T01:14:01.017Z,floatmatmult_20,62b9423a4f05bf81be88474e2dc7f2c0b00b2bad13fe1856008202b9359e37bf,12691,643,-1,"[-1, -1]",,,,,,129.114.108.158
#tid_22d45ba67b77f9bf33e344d250bd0aaa,2023-09-15T01:17:08.773Z,2023-09-15T01:17:21.522Z,floatmatmult_20,62b9423a4f05bf81be88474e2dc7f2c0b00b2bad13fe1856008202b9359e37bf,12749,0,-1,"[-1, -1]",,,,,,129.114.108.158
#tid_ae1d2a2c4a014e752c265a448d4d5b97,2023-09-15T01:19:49.774Z,2023-09-15T01:20:02.545Z,floatmatmult_20,1aa19a893f600feba69255a5984a5d89dcbda852d667ff6e3fbb3be0177fdb23,12771,631,-1,"[-1, -1]",,,,,,129.114.108.158
#tid_9143af0fefb0ecd69188c0ad1bfce029,2023-09-15T01:23:45.687Z,2023-09-15T01:23:58.541Z,floatmatmult_20,31ffcc4a03c4f24def6d863c4a49e285a5b859e585a82609304c9e995395bd45,12853,657,-1,"[-1, -1]",,,,,,129.114.108.158
#tid_251a4d71d298b980f4e10a28ca12c334,2023-09-15T01:34:09.697Z,2023-09-15T01:34:22.639Z,floatmatmult_20,ec336397d9780d0ee95ff616efc96e44defdc73504cd51757a69dbc0c10ca742,12942,658,-1,"[-1, -1]",,,,,,129.114.108.158
#tid_f3cbf3ef91a23d0f4cc727b1fd6e8d8c,2023-09-15T01:38:45.707Z,2023-09-15T01:38:58.383Z,floatmatmult_20,e4ea93a202b7341ca77ab844f2da3dba1a6326bc6aecad9dd4f62740b4830d9d,12675,652,-1,"[-1, -1]",,,,,,129.114.108.158
#tid_32882bf9afc485d3be046112aa0e3951,2023-09-15T01:48:39.373Z,2023-09-15T01:48:52.338Z,floatmatmult_20,cc348cbef7e1b292f437233650d2d4ce15400b0f2057acfaa90e95d9ffef27bf,12964,664,-1,"[-1, -1]",,,,,,129.114.108.158
#tid_23676aa46687f5c0e4d5dc9ddea05b47,2023-09-15T01:49:22.101Z,2023-09-15T01:49:34.654Z,floatmatmult_20,cc348cbef7e1b292f437233650d2d4ce15400b0f2057acfaa90e95d9ffef27bf,12552,0,-1,"[-1, -1]",,,,,,129.114.108.158
#tid_3359ff6b4b0ef1092de6cf621e16dccd,2023-09-15T01:49:50.901Z,2023-09-15T01:50:02.948Z,floatmatmult_20,cc348cbef7e1b292f437233650d2d4ce15400b0f2057acfaa90e95d9ffef27bf,12046,0,-1,"[-1, -1]",,,,,,129.114.108.158
#tid_b539e52ea3b46cf4889321c76193f525,2023-09-15T02:00:53.477Z,2023-09-15T02:00:56.434Z,imageprocess_20,e8d35d517c89ffca240bfe85200feae83e286d3b1e632fd9045c4b1e66bab446,2957,369,-1,"[-1, -1]",,,,,,129.114.108.158
#tid_1226e6e784668ab9975575fad320275f,2023-09-15T02:03:22.841Z,2023-09-15T02:03:25.353Z,imageprocess_20,e8d35d517c89ffca240bfe85200feae83e286d3b1e632fd9045c4b1e66bab446,2511,0,-1,"[-1, -1]",,,,,,129.114.108.158
#tid_a2d4209758aa8199589e287714a84385,2023-09-15T02:03:46.885Z,2023-09-15T02:03:49.397Z,imageprocess_20,e8d35d517c89ffca240bfe85200feae83e286d3b1e632fd9045c4b1e66bab446,2511,0,-1,"[-1, -1]",,,,,,129.114.108.158
#tid_121251ae8b1c30e9ffa9cc6b1e0585c7,2023-09-15T02:06:10.729Z,2023-09-15T02:06:13.258Z,imageprocess_20,e8d35d517c89ffca240bfe85200feae83e286d3b1e632fd9045c4b1e66bab446,2528,0,-1,"[-1, -1]",,,,,,129.114.108.158
#tid_4879d292475300234a734ad989d063e4,2023-09-15T02:06:30.009Z,2023-09-15T02:06:32.523Z,imageprocess_20,e8d35d517c89ffca240bfe85200feae83e286d3b1e632fd9045c4b1e66bab446,2514,0,-1,"[-1, -1]",,,,,,129.114.108.158
#tid_0763b0bb278966eab9fb7e6c81e6922b,2023-09-15T02:06:40.387Z,2023-09-15T02:06:42.905Z,imageprocess_20,e8d35d517c89ffca240bfe85200feae83e286d3b1e632fd9045c4b1e66bab446,2518,0,-1,"[-1, -1]",,,,,,129.114.108.158
#tid_1d6d046140f28c472f15796fad52cd17,2023-09-15T02:08:16.637Z,2023-09-15T02:08:19.153Z,imageprocess_20,e8d35d517c89ffca240bfe85200feae83e286d3b1e632fd9045c4b1e66bab446,2516,0,-1,"[-1, -1]",,,,,,129.114.108.158
#tid_9c83b8e92d2a5d5df3c937d1f77bc723,2023-09-15T02:09:32.005Z,2023-09-15T02:09:34.551Z,imageprocess_20,e8d35d517c89ffca240bfe85200feae83e286d3b1e632fd9045c4b1e66bab446,2545,0,-1,"[-1, -1]",,,,,,129.114.108.158
#tid_3f5e6a25acbead95c7c96f36bdd9ed60,2023-09-15T02:10:04.653Z,2023-09-15T02:10:07.211Z,imageprocess_20,e8d35d517c89ffca240bfe85200feae83e286d3b1e632fd9045c4b1e66bab446,2558,0,-1,"[-1, -1]",,,,,,129.114.108.158
#tid_528b66621c4eb3fe013b167ee159dc85,2023-09-15T02:10:49.797Z,2023-09-15T02:10:52.409Z,imageprocess_20,e8d35d517c89ffca240bfe85200feae83e286d3b1e632fd9045c4b1e66bab446,2612,0,-1,"[-1, -1]",,,,,,129.114.108.158
#tid_a5fe84a0d8339ea54dfbbff8d38193ff,2023-09-15T02:11:40.749Z,2023-09-15T02:11:43.356Z,imageprocess_20,e8d35d517c89ffca240bfe85200feae83e286d3b1e632fd9045c4b1e66bab446,2607,0,-1,"[-1, -1]",,,,,,129.114.108.158
#tid_629395e1bdb1e1f009376fd21325e6fe,2023-09-15T02:12:57.457Z,2023-09-15T02:12:59.940Z,imageprocess_20,e8d35d517c89ffca240bfe85200feae83e286d3b1e632fd9045c4b1e66bab446,2483,0,-1,"[-1, -1]",,,,,,129.114.108.158
#tid_62e485325980783876091c491bb5bc27,2023-09-15T02:13:58.197Z,2023-09-15T02:14:00.745Z,imageprocess_20,e8d35d517c89ffca240bfe85200feae83e286d3b1e632fd9045c4b1e66bab446,2547,0,-1,"[-1, -1]",,,,,,129.114.108.158
#tid_ad5f3b0a48923ab7d0224c7553a07746,2023-09-15T02:14:20.193Z,2023-09-15T02:14:22.727Z,imageprocess_20,e8d35d517c89ffca240bfe85200feae83e286d3b1e632fd9045c4b1e66bab446,2533,0,-1,"[-1, -1]",,,,,,129.114.108.158
#tid_ebfb854988f8b32688d03f2596ec80bd,2023-09-15T02:17:14.976Z,2023-09-15T02:17:28.016Z,floatmatmult_20,cec042d90edc75b9a98d453a8d14f70ddbb195d066888a4e345c8f2e94a3a4f8,13039,676,-1,"[-1, -1]",,,,,,129.114.108.158
#tid_8fa56df8e360746daaa65e129df4ea4a,2023-09-15T02:19:20.441Z,2023-09-15T02:19:33.683Z,floatmatmult_20,cec042d90edc75b9a98d453a8d14f70ddbb195d066888a4e345c8f2e94a3a4f8,13241,0,-1,"[-1, -1]",,,,,,129.114.108.158
#tid_4c334031cf024ff3c3b578711448c020,2023-09-15T02:20:33.849Z,2023-09-15T02:20:46.930Z,floatmatmult_20,cec042d90edc75b9a98d453a8d14f70ddbb195d066888a4e345c8f2e94a3a4f8,13080,0,-1,"[-1, -1]",,,,,,129.114.108.158
#tid_404fd2fbdbf6cb489ce92a11b4816e7e,2023-09-15T02:21:12.045Z,2023-09-15T02:21:14.659Z,imageprocess_20,e8d35d517c89ffca240bfe85200feae83e286d3b1e632fd9045c4b1e66bab446,2613,0,-1,"[-1, -1]",,,,,,129.114.108.158
#tid_97ac5f4091980bc17befd4d3f4b6db05,2023-09-15T20:58:26.717Z,2023-09-15T20:58:29.719Z,imageprocess_20,bc6bced3bf7b164a4a558c86a6999bdbe219c27037ee9bb3d9d23dca3feb8b27,3001,343,-1,"[-1, -1]",,,,,,129.114.108.158
#tid_f01453574c2b0be3db5f9f96faca6104,2023-09-15T20:58:27.070Z,2023-09-15T20:58:40.379Z,floatmatmult_20,88ba7c940fada15a09f7ae9a3af2aa4d3a69a75d56494d81bc08bfa1cb1bd18b,13309,695,-1,"[-1, -1]",,,,,,129.114.108.158
#tid_429d04ce98f91e19b7e48b6ae4779af9,2023-09-15T20:59:13.419Z,2023-09-15T20:59:16.066Z,imageprocess_20,bc6bced3bf7b164a4a558c86a6999bdbe219c27037ee9bb3d9d23dca3feb8b27,2646,0,-1,"[-1, -1]",,,,,,129.114.108.158
#tid_692fabaa061ed5cf4f15b09e1fc58785,2023-09-15T20:59:13.437Z,2023-09-15T20:59:25.865Z,floatmatmult_20,88ba7c940fada15a09f7ae9a3af2aa4d3a69a75d56494d81bc08bfa1cb1bd18b,12428,0,-1,"[-1, -1]",,,,,,129.114.108.158
#tid_c4e1cee39f534e827ce8674cd006d5fe,2023-09-15T21:00:08.837Z,2023-09-15T21:00:11.458Z,imageprocess_20,bc6bced3bf7b164a4a558c86a6999bdbe219c27037ee9bb3d9d23dca3feb8b27,2620,0,-1,"[-1, -1]",,,,,,129.114.108.158
#tid_0c53d56d6a4f7db096a712a972f3dc72,2023-09-15T21:00:08.840Z,2023-09-15T21:00:21.371Z,floatmatmult_20,88ba7c940fada15a09f7ae9a3af2aa4d3a69a75d56494d81bc08bfa1cb1bd18b,12531,0,-1,"[-1, -1]",,,,,,129.114.108.158
#tid_c0a2322214fc23654784e59272b20720,2023-09-15T21:00:12.472Z,2023-09-15T21:00:15.445Z,imageprocess_20,72a80856f7c8a538a546c5b3d32c821e4ce9c112ea85e20fae07d50a7d5c8388,2972,303,-1,"[-1, -1]",,,,,,129.114.108.158
#tid_ddbda1e85494750845fa3ca6bc52cfe9,2023-09-15T21:01:35.493Z,2023-09-15T21:01:38.412Z,imageprocess_20,88ba79c118dc304a88fe9afdd4fcf3e82013db436180c01d0dc818233a5af7a9,2918,317,-1,"[-1, -1]",,,,,,129.114.108.158
#tid_ce45296ad76b99c961d9ecf744327150,2023-09-15T21:02:02.489Z,2023-09-15T21:02:04.975Z,imageprocess_20,88ba79c118dc304a88fe9afdd4fcf3e82013db436180c01d0dc818233a5af7a9,2486,0,-1,"[-1, -1]",,,,,,129.114.108.158
#tid_422e0bf4c67d0e82481c4529227f4d88,2023-09-15T21:02:20.261Z,2023-09-15T21:02:22.826Z,imageprocess_20,88ba79c118dc304a88fe9afdd4fcf3e82013db436180c01d0dc818233a5af7a9,2565,0,-1,"[-1, -1]",,,,,,129.114.108.158
#tid_b06eda4f86d38efe236067f1c178c710,2023-09-15T21:03:56.210Z,2023-09-15T21:03:59.438Z,imageprocess_1,267825d05fe79442ada8a85e41dad9f546c15b8e834b1a933d4f29ae4d9acc23,3228,823,-1,"[-1, -1]",,,,,,129.114.108.158
#tid_318406f1dda3f2cb39faa6736a40b7ea,2023-09-15T21:06:55.498Z,2023-09-15T21:06:58.741Z,imageprocess_1,1aaa788541f6092fc5e75178457c890ff95f748c36ee1027045ceebbda30462f,3242,793,-1,"[-1, -1]",,,,,,129.114.108.158
#tid_1ed557d437ebc4d384240d646a1ec27e,2023-09-15T21:07:10.308Z,2023-09-15T21:07:13.300Z,imageprocess_4,935cc46dafc66d5fa2572348f6f210598d9dfba9f6dbe4da0587d4d2adbd67a0,2991,386,-1,"[-1, -1]",,,,,,129.114.108.158
#tid_738b23c375e4d7663a719bdea6b9ef23,2023-09-15T21:14:43.308Z,2023-09-15T21:14:46.380Z,imageprocess_4,3dd0745c1a82a749a918c91a5546fb9f6ab8a842811c52deb2917a4602289181,3071,463,-1,"[-1, -1]",,,,,,129.114.108.158
#tid_b4257f58426501dd5243b103a6f32dbd,2023-09-15T21:14:43.533Z,2023-09-15T21:14:57.316Z,floatmatmult_20,1aaa2bac38c8adfc7f721b490b714a39853b63a4bc49c1743fcc09e6b134aaf2,13782,688,-1,"[-1, -1]",,,,,,129.114.108.158
#tid_5eb737160bca5d34b8caad54c99f5ae4,2023-09-15T21:15:04.425Z,2023-09-15T21:15:17.381Z,floatmatmult_20,1aaa2bac38c8adfc7f721b490b714a39853b63a4bc49c1743fcc09e6b134aaf2,12956,0,-1,"[-1, -1]",,,,,,129.114.108.158
#tid_b435b3926c4cfa9357fb431148ba770f,2023-09-15T21:15:07.511Z,2023-09-15T21:15:10.493Z,imageprocess_6,038eea24a2b17407f2a300223d7310e7ce90b1a4bef5a8ab062463d4beb4e493,2982,419,-1,"[-1, -1]",,,,,,129.114.108.158
#tid_3710906d50d419ea8d22534b59f01483,2023-09-15T21:15:32.513Z,2023-09-15T21:15:45.293Z,floatmatmult_20,1aaa2bac38c8adfc7f721b490b714a39853b63a4bc49c1743fcc09e6b134aaf2,12780,0,-1,"[-1, -1]",,,,,,129.114.108.158
#tid_c381e692706fb2327e54730434d21194,2023-09-15T21:15:35.116Z,2023-09-15T21:15:38.200Z,imageprocess_7,3413d99201b155b50a27696428081e096b963834e36b9051398e74f86b8f5c3c,3084,377,-1,"[-1, -1]",,,,,,129.114.108.158
#tid_655721adc3947277f07d42a3121f83a1,2023-09-15T21:23:50.001Z,2023-09-15T21:23:52.913Z,imageprocess_7,aa8e1710ecfec0becf06be03ddb3bcf1f7596d169d6530085eb699ee0ac01596,2912,420,-1,"[-1, -1]",,,,,,129.114.108.158
#tid_2730e7b3ceb6faa2044862e71e4a3a95,2023-09-15T21:23:50.256Z,2023-09-15T21:24:03.248Z,floatmatmult_20,a4fbb44ab7e651a53fa2fa68791f5503dc582a680504c58d8652540c48312af6,12992,676,-1,"[-1, -1]",,,,,,129.114.108.158
#tid_8724975e45f36cb8fb88ba06dc0b9dad,2023-09-15T21:33:27.381Z,2023-09-15T21:33:40.551Z,floatmatmult_20,a4fbb44ab7e651a53fa2fa68791f5503dc582a680504c58d8652540c48312af6,13169,0,-1,"[-1, -1]",,,,,,129.114.108.158
#tid_0b37f5891ecdc3bb327c35cae1196cd1,2023-09-15T21:33:27.401Z,2023-09-15T21:33:30.171Z,imageprocess_7,aa8e1710ecfec0becf06be03ddb3bcf1f7596d169d6530085eb699ee0ac01596,2769,0,-1,"[-1, -1]",,,,,,129.114.108.158
#tid_08c88ae9bad074a907fcd5136ead28e9,2023-09-15T21:33:30.519Z,2023-09-15T21:33:33.608Z,imageprocess_7,d01b7ff587178a1954e097cdc21c0a39de1e24e84d3a4b23fc239f2032bc4107,3088,407,-1,"[-1, -1]",,,,,,129.114.108.158
#tid_858154b8958b5c8da6f8b98dba7917f0,2023-09-15T21:33:30.779Z,2023-09-15T21:33:43.836Z,floatmatmult_20,e4affef769e83e2fb33f6e1ec9fcfab08027cac6863db4c00909abb25093a3ec,13056,663,-1,"[-1, -1]",,,,,,129.114.108.158
#tid_a9dce9a0db7b6a6050a9750209404593,2023-09-19T22:42:35.549Z,2023-09-19T22:42:53.198Z,linpack_20,187496bad6851f20d34372d2c9559fdcccb0a226382cb264cfbf2822cee57ed1,17648,292,-1,"[""5000"", -1]",,,,,,129.114.108.158
#tid_3efa1351c168a46750c8a48aa0458d69,2023-09-19T22:42:35.957Z,2023-09-19T22:42:51.850Z,floatmatmult_20,c0cedd5899d2c36ccb7c4731c8a38c0bc801fc1514d49f4da5250b801fa72d82,15892,700,-1,"[""\""matrix1_4000_0.7.txt\"""", ""\""matrix2_4000_0.7.txt\""""]",,,,,,129.114.108.158
#tid_49b065c830b6b76c228b9126c124e6e1,2023-09-19T22:44:16.467Z,2023-09-19T22:44:19.507Z,mobilenet_20,5abfcb8308ff2767ec0d60dff24f3324060c26ad476bdc40e94f970df067178a,3039,2325,-1,"[""\""2.5M-red_velvet_514717.jpg\"""", -1]",,,,,,129.114.108.158
#tid_b95738a8500ff09826a44e8a67277028,2023-09-20T22:01:51.805Z,2023-09-20T22:01:51.940Z,encrypt_9,019eb737a4af9e0a0449943be2277585842243195677cca38901677215bda33f,134,123,9,"[""500"", ""25""]",23.52763264145817,23.52763264145817,23.52763264145817,23.52763264145817,12.7578125,129.114.108.158
#tid_604861b0a210b9e9b373fccd98e3c64b,2023-09-20T22:02:24.003Z,2023-09-20T22:02:24.139Z,encrypt_32,8af38d28831f1086ac5ff47ccfb103d91439536930037ea4e08dc9a7eb8bb4f4,136,123,32,"[""500"", ""25""]",25.880571193482062,25.880571193482062,25.880571193482062,25.880571193482062,12.92578125,129.114.108.158
#tid_80d5af92d2c4b74aad8b67507c1949c2,2023-09-20T22:02:35.866Z,2023-09-20T22:02:36.004Z,encrypt_9,019eb737a4af9e0a0449943be2277585842243195677cca38901677215bda33f,138,0,9,"[""500"", ""30""]",18.144600518083053,18.144600518083053,18.144600518083053,18.144600518083053,12.09375,129.114.108.158
#tid_d3d7838cb662621a85a6ee19b7947b96,2023-09-20T22:02:51.953Z,2023-09-20T22:02:52.108Z,encrypt_20,e87e1b008907f94af70be0b808f05bb2c09737fb85ae093a0f0617385b6085ea,155,116,20,"[""500"", ""30""]",26.918655905808215,26.943933671723855,26.964155884456368,26.969211437639494,12.375,129.114.108.158
#tid_3da8690a3eab53a9694cdb48cff3fbe9,2023-09-20T22:03:08.376Z,2023-09-20T22:03:08.514Z,encrypt_32,8af38d28831f1086ac5ff47ccfb103d91439536930037ea4e08dc9a7eb8bb4f4,137,0,32,"[""500"", ""30""]",23.124152327284992,24.30957272200546,25.257909037781836,25.49499311672593,11.328125,129.114.108.158
#tid_482506b89f302fee2c0e0f45a509c0ad,2023-09-20T22:03:21.139Z,2023-09-20T22:03:21.353Z,encrypt_9,019eb737a4af9e0a0449943be2277585842243195677cca38901677215bda33f,212,0,9,"[""500"", ""50""]",22.41036936462533,22.85490025087939,23.21052495988264,23.299431137133453,12.26953125,129.114.108.158
#tid_52aa0e3904bd585e2b9bf24e5732d769,2023-09-20T22:03:36.792Z,2023-09-20T22:03:37.009Z,encrypt_20,e87e1b008907f94af70be0b808f05bb2c09737fb85ae093a0f0617385b6085ea,217,0,20,"[""500"", ""50""]",23.841730361651184,24.715184550736776,25.41394790200525,25.58863873982237,11.51953125,129.114.108.158
#tid_9618e345e21a1f742d4bb03325bfdc3a,2023-09-20T22:03:53.641Z,2023-09-20T22:03:53.850Z,encrypt_32,8af38d28831f1086ac5ff47ccfb103d91439536930037ea4e08dc9a7eb8bb4f4,209,0,32,"[""500"", ""50""]",22.145415794530138,23.2923485986298,24.20989484190953,24.439281402729463,11.328125,129.114.108.158
#tid_39ef9fdb67312bcf9c53a3f1c39d2880,2023-09-20T22:04:06.813Z,2023-09-20T22:04:07.117Z,encrypt_9,019eb737a4af9e0a0449943be2277585842243195677cca38901677215bda33f,303,0,9,"[""500"", ""75""]",23.166729012432604,23.244942291353567,23.30751291449034,23.323155570274533,12.3046875,129.114.108.158
#tid_d44e8b8a6eb047995cf01be2579448f2,2023-09-20T22:04:23.375Z,2023-09-20T22:04:23.683Z,encrypt_20,e87e1b008907f94af70be0b808f05bb2c09737fb85ae093a0f0617385b6085ea,307,0,20,"[""500"", ""75""]",26.487726521094697,26.50920920311906,26.526395348738546,26.53069188514342,11.38671875,129.114.108.158
#tid_f37cf384217e5dc03332500fd0bee099,2023-09-20T22:04:41.709Z,2023-09-20T22:04:42.009Z,encrypt_32,8af38d28831f1086ac5ff47ccfb103d91439536930037ea4e08dc9a7eb8bb4f4,300,0,32,"[""500"", ""75""]",25.262742104809213,25.35309606460328,25.425379232438537,25.44345002439735,11.234375,129.114.108.158
#tid_5b606a47f8a68ddfeddc65a1568ea1c6,2023-09-20T22:04:55.658Z,2023-09-20T22:04:56.060Z,encrypt_9,019eb737a4af9e0a0449943be2277585842243195677cca38901677215bda33f,402,0,9,"[""500"", ""100""]",23.465002475538693,23.490291214720838,23.51052220606655,23.51557995390298,12.3046875,129.114.108.158
#tid_5212f5b7d946c1111d55f0e1c62f7cf2,2023-09-20T22:05:13.454Z,2023-09-20T22:05:13.850Z,encrypt_20,e87e1b008907f94af70be0b808f05bb2c09737fb85ae093a0f0617385b6085ea,395,0,20,"[""500"", ""100""]",26.51414962423313,26.52241318883746,26.529024040520923,26.53067675344179,11.27734375,129.114.108.158
#tid_bf9641fc8e34d40d89c60c2489eb73ad,2023-09-20T22:05:33.192Z,2023-09-20T22:05:33.595Z,encrypt_32,8af38d28831f1086ac5ff47ccfb103d91439536930037ea4e08dc9a7eb8bb4f4,403,0,32,"[""500"", ""100""]",25.531179336652393,25.53938944959047,25.545957539940932,25.547599562528546,11.25,129.114.108.158
#tid_36f27b519e3514a453ab5a01b0a8b1b1,2023-09-20T22:05:44.724Z,2023-09-20T22:05:44.821Z,encrypt_9,019eb737a4af9e0a0449943be2277585842243195677cca38901677215bda33f,97,0,9,"[""1000"", ""10""]",9.895663379221222,9.895663379221222,9.895663379221222,9.895663379221222,12.3125,129.114.108.158
#tid_6ccc445a31d7d83cd17cc52c78a1ea7a,2023-09-20T22:05:58.703Z,2023-09-20T22:05:58.803Z,encrypt_20,e87e1b008907f94af70be0b808f05bb2c09737fb85ae093a0f0617385b6085ea,99,0,20,"[""1000"", ""10""]",15.486422732338664,15.486422732338664,15.486422732338664,15.486422732338664,11.26953125,129.114.108.158
#tid_51db1cfcbf6cba1e49c7edae3bcd189b,2023-09-20T22:06:09.938Z,2023-09-20T22:06:10.046Z,encrypt_28,262ebab9505f5efed7e8e5d75c08f05453f230f3bbc750ddbede0c9856f1d6f1,108,123,28,"[""1000"", ""10""]",,,,,,129.114.108.158
#tid_5d00419c7bf517b1875ebbb6aca82a96,2023-09-20T22:06:12.935Z,2023-09-20T22:06:13.053Z,encrypt_30,f698f9e1b2f86cf827bcfabaa8d149536141cb7102c77d0e92450ea7bb8d9ce7,117,122,30,"[""1000"", ""10""]",,,,,,129.114.108.158
#tid_86e5c939bd1ba3f77c285706d4ee5141,2023-09-20T22:06:14.523Z,2023-09-20T22:06:14.623Z,encrypt_32,8af38d28831f1086ac5ff47ccfb103d91439536930037ea4e08dc9a7eb8bb4f4,99,0,32,"[""1000"", ""10""]",21.466524406473752,21.466524406473752,21.466524406473752,21.466524406473752,11.234375,129.114.108.158
#tid_8d2dfdc12c51f38f3d9e1be89c46cd11,2023-09-20T22:06:26.823Z,2023-09-20T22:06:27.025Z,encrypt_9,019eb737a4af9e0a0449943be2277585842243195677cca38901677215bda33f,202,0,9,"[""1000"", ""25""]",21.278488904181874,21.852269148652212,22.311293344228485,22.426049393122554,12.21484375,129.114.108.158
#tid_9230db2cff500bf3a3a433838ad061ce,2023-09-20T22:06:42.041Z,2023-09-20T22:06:42.243Z,encrypt_20,e87e1b008907f94af70be0b808f05bb2c09737fb85ae093a0f0617385b6085ea,202,0,20,"[""1000"", ""25""]",25.26431726963208,25.884002668292588,26.379750987220994,26.503688066953096,11.41015625,129.114.108.158
#tid_6a1135f22dd02e952bc7c83357109443,2023-09-20T22:06:52.753Z,2023-09-20T22:06:52.959Z,encrypt_28,262ebab9505f5efed7e8e5d75c08f05453f230f3bbc750ddbede0c9856f1d6f1,205,0,28,"[""1000"", ""25""]",23.035445263351175,23.179329907128857,23.294437622151005,23.323214550906542,11.15625,129.114.108.158
#tid_c0469902a45c0e6ebd2d18d8922f3bdd,2023-09-20T22:06:54.575Z,2023-09-20T22:06:54.781Z,encrypt_30,f698f9e1b2f86cf827bcfabaa8d149536141cb7102c77d0e92450ea7bb8d9ce7,206,0,30,"[""1000"", ""25""]",21.46241587452849,22.02482344982027,22.474749510053698,22.587231025112054,11.5,129.114.108.158
#tid_454c0c1a1a5248603afc34bb6d604930,2023-09-20T22:06:56.621Z,2023-09-20T22:06:56.822Z,encrypt_32,8af38d28831f1086ac5ff47ccfb103d91439536930037ea4e08dc9a7eb8bb4f4,201,0,32,"[""1000"", ""25""]",24.242621635363857,24.3537242703665,24.442606378368612,24.46482690536914,11.2421875,129.114.108.158
#tid_76e12b343c87f91b9265040a0bb2700e,2023-09-20T22:07:09.408Z,2023-09-20T22:07:09.648Z,encrypt_9,019eb737a4af9e0a0449943be2277585842243195677cca38901677215bda33f,239,0,9,"[""1000"", ""30""]",22.651530549284438,22.97548958047984,23.234656805436163,23.299448611675246,12.32421875,129.114.108.158
#tid_de65a86e309b8ffd5608724367d95f39,2023-09-20T22:07:26.008Z,2023-09-20T22:07:26.251Z,encrypt_20,e87e1b008907f94af70be0b808f05bb2c09737fb85ae093a0f0617385b6085ea,242,0,20,"[""1000"", ""30""]",26.282949271764224,26.379841117011242,26.45735459320886,26.47673296225826,11.265625,129.114.108.158
#tid_a6a4e6532139637f01463d35dfd08615,2023-09-20T22:07:36.932Z,2023-09-20T22:07:37.176Z,encrypt_28,262ebab9505f5efed7e8e5d75c08f05453f230f3bbc750ddbede0c9856f1d6f1,243,0,28,"[""1000"", ""30""]",21.66165400540881,22.409778607483023,23.008278289142396,23.15790320955724,11.1328125,129.114.108.158
#tid_09012eacaf86c0f277168ab34fc88155,2023-09-20T22:07:38.868Z,2023-09-20T22:07:39.111Z,encrypt_30,f698f9e1b2f86cf827bcfabaa8d149536141cb7102c77d0e92450ea7bb8d9ce7,242,0,30,"[""1000"", ""30""]",22.209206825879278,22.78998769256277,23.25461238590957,23.37076855924627,11.28515625,129.114.108.158
#tid_1d52ac8f1210936bfed287c6c1dd4c7e,2023-09-20T22:07:40.794Z,2023-09-20T22:07:41.036Z,encrypt_32,8af38d28831f1086ac5ff47ccfb103d91439536930037ea4e08dc9a7eb8bb4f4,242,0,32,"[""1000"", ""30""]",24.29807457833289,24.85779306433443,25.305567853135663,25.417511550335973,11.3828125,129.114.108.158
#tid_f385afe5a150e8f547bb93682e0ce6cf,2023-09-20T22:07:54.836Z,2023-09-20T22:07:55.220Z,encrypt_9,019eb737a4af9e0a0449943be2277585842243195677cca38901677215bda33f,383,0,9,"[""1000"", ""50""]",23.081768004936077,23.202564723385073,23.299202098144274,23.323361441834074,12.46875,129.114.108.158
#tid_5d77d08416a950ff191c57dd53f0760c,2023-09-20T22:08:12.577Z,2023-09-20T22:08:12.960Z,encrypt_20,e87e1b008907f94af70be0b808f05bb2c09737fb85ae093a0f0617385b6085ea,383,0,20,"[""1000"", ""50""]",26.46339499197965,26.483547900516367,26.49967022734574,26.503700809053083,11.296875,129.114.108.158
#tid_0939b1bc9291b7a39f2a4902730193b0,2023-09-20T22:08:24.868Z,2023-09-20T22:08:25.256Z,encrypt_28,262ebab9505f5efed7e8e5d75c08f05453f230f3bbc750ddbede0c9856f1d6f1,388,0,28,"[""1000"", ""50""]",23.292387582054904,23.33158773357193,23.36294785478555,23.370787885088955,11.171875,129.114.108.158
#tid_7f1daa5dffc384ff3a19f4ba052b73a8,2023-09-20T22:08:27.152Z,2023-09-20T22:08:27.548Z,encrypt_30,f698f9e1b2f86cf827bcfabaa8d149536141cb7102c77d0e92450ea7bb8d9ce7,395,0,30,"[""1000"", ""50""]",24.403604423311258,24.430878692782606,24.452698108359687,24.45815296225396,11.390625,129.114.108.158
#tid_942c201be06d25686b6882e25a64e96d,2023-09-20T22:08:29.412Z,2023-09-20T22:08:29.793Z,encrypt_32,8af38d28831f1086ac5ff47ccfb103d91439536930037ea4e08dc9a7eb8bb4f4,380,0,32,"[""1000"", ""50""]",25.279442553547295,25.375216200057437,25.45183511726555,25.470989846567576,11.37890625,129.114.108.158
#tid_5becbe710d8991327bb81f90ff4a6a0f,2023-09-20T22:08:45.013Z,2023-09-20T22:08:45.575Z,encrypt_9,019eb737a4af9e0a0449943be2277585842243195677cca38901677215bda33f,562,0,9,"[""1000"", ""75""]",23.32322778230301,23.323275774148044,23.32331416762407,23.323323765993077,12.2109375,129.114.108.158
#tid_a972c8b6213a277e71f782716f4709e1,2023-09-20T22:09:04.313Z,2023-09-20T22:09:04.876Z,encrypt_20,e87e1b008907f94af70be0b808f05bb2c09737fb85ae093a0f0617385b6085ea,562,0,20,"[""1000"", ""75""]",26.530716574467583,26.544271602944498,26.555115625726028,26.55782663142141,11.42578125,129.114.108.158
#tid_3836dbf0bfd4bbc444ccf23c345fb11f,2023-09-20T22:09:18.190Z,2023-09-20T22:09:18.748Z,encrypt_28,262ebab9505f5efed7e8e5d75c08f05453f230f3bbc750ddbede0c9856f1d6f1,558,0,28,"[""1000"", ""75""]",23.333011670752256,23.35203101387578,23.3672464883746,23.371050356999305,11.15234375,129.114.108.158
#tid_8a9a9303aca29d66492d6e7561f38426,2023-09-20T22:09:20.836Z,2023-09-20T22:09:21.411Z,encrypt_30,f698f9e1b2f86cf827bcfabaa8d149536141cb7102c77d0e92450ea7bb8d9ce7,575,0,30,"[""1000"", ""75""]",25.48413522003666,25.48904482210914,25.492972503767124,25.49395442418162,11.4140625,129.114.108.158
#tid_8026d1096ceb2a0727622377179da03b,2023-09-20T22:09:23.490Z,2023-09-20T22:09:24.052Z,encrypt_32,8af38d28831f1086ac5ff47ccfb103d91439536930037ea4e08dc9a7eb8bb4f4,561,0,32,"[""1000"", ""75""]",25.448808051648736,25.45919074293824,25.467496895969845,25.469573434227744,11.2734375,129.114.108.158
#tid_f9e994ab81365de56f59ffc1d7c1704a,2023-09-20T22:09:40.637Z,2023-09-20T22:09:41.374Z,encrypt_9,019eb737a4af9e0a0449943be2277585842243195677cca38901677215bda33f,736,0,9,"[""1000"", ""100""]",23.355875570726948,23.362447872112963,23.367705713221778,23.36902017349898,12.2109375,129.114.108.158
#tid_1669c55274a94d9b4882aa1be5a0604e,2023-09-20T22:10:02.298Z,2023-09-20T22:10:03.034Z,encrypt_20,e87e1b008907f94af70be0b808f05bb2c09737fb85ae093a0f0617385b6085ea,735,0,20,"[""1000"", ""100""]",26.52006435521319,26.552658750234958,26.578734266252372,26.585253145256726,11.3125,129.114.108.158
#tid_5a5c6ceb75ec845c994f29ddf591e55d,2023-09-20T22:10:17.863Z,2023-09-20T22:10:18.597Z,encrypt_28,262ebab9505f5efed7e8e5d75c08f05453f230f3bbc750ddbede0c9856f1d6f1,733,0,28,"[""1000"", ""100""]",23.356540913188653,23.363683050824235,23.369396760932702,23.37082518845982,11.28515625,129.114.108.158
#tid_614b0586a605d4bd5cb1e8046bd9fb67,2023-09-20T22:10:20.974Z,2023-09-20T22:10:21.720Z,encrypt_30,f698f9e1b2f86cf827bcfabaa8d149536141cb7102c77d0e92450ea7bb8d9ce7,745,0,30,"[""1000"", ""100""]",26.571409402017828,26.61904829075251,26.657159401740255,26.66668717948719,11.42578125,129.114.108.158
#tid_8e9b93bbbbcbf13262ddbdfb300f4932,2023-09-20T22:10:23.966Z,2023-09-20T22:10:24.697Z,encrypt_32,8af38d28831f1086ac5ff47ccfb103d91439536930037ea4e08dc9a7eb8bb4f4,730,0,32,"[""1000"", ""100""]",25.521496733085424,25.52150983737991,25.521520320815494,25.52152294167439,11.40625,129.114.108.158
#tid_ce37c4093d52341c0685f45271516a07,2023-09-20T22:10:38.151Z,2023-09-20T22:10:38.524Z,encrypt_9,019eb737a4af9e0a0449943be2277585842243195677cca38901677215bda33f,372,0,9,"[""5000"", ""10""]",23.091398362031832,23.219323340285264,23.321663322888014,23.3472483185387,12.328125,129.114.108.158
#tid_2637431f95c69f5becd82ec8ad4644e2,2023-09-20T22:10:55.841Z,2023-09-20T22:10:56.216Z,encrypt_20,e87e1b008907f94af70be0b808f05bb2c09737fb85ae093a0f0617385b6085ea,375,0,20,"[""5000"", ""10""]",26.38634500676373,26.443818652047344,26.489797568274238,26.50129229733096,11.4140625,129.114.108.158
#tid_a4af713b2dbb4de55511e9f10d334c36,2023-09-20T22:11:08.070Z,2023-09-20T22:11:08.443Z,encrypt_28,262ebab9505f5efed7e8e5d75c08f05453f230f3bbc750ddbede0c9856f1d6f1,372,0,28,"[""5000"", ""10""]",23.27208864880034,23.321534748226146,23.361091627766786,23.370980847651946,11.25,129.114.108.158
#tid_c0d0484c03785ba23cd419cdd010ab32,2023-09-20T22:11:10.223Z,2023-09-20T22:11:10.606Z,encrypt_30,f698f9e1b2f86cf827bcfabaa8d149536141cb7102c77d0e92450ea7bb8d9ce7,382,0,30,"[""5000"", ""10""]",26.309672922625186,26.44730284517294,26.557406783211142,26.584932767720694,11.63671875,129.114.108.158
#tid_85f26962e9284a0a0f4758af6e52e741,2023-09-20T22:11:12.382Z,2023-09-20T22:11:12.761Z,encrypt_32,8af38d28831f1086ac5ff47ccfb103d91439536930037ea4e08dc9a7eb8bb4f4,378,0,32,"[""5000"", ""10""]",25.088554118946266,25.20151059080543,25.291875768292766,25.314467062664598,11.4921875,129.114.108.158
#tid_6f20cd7f382d1d9441f09ea5497b088f,2023-09-20T22:11:30.660Z,2023-09-20T22:11:31.550Z,encrypt_9,019eb737a4af9e0a0449943be2277585842243195677cca38901677215bda33f,889,0,9,"[""5000"", ""25""]",23.370837264118553,23.37084208959331,23.370845949973113,23.370846915068064,12.3359375,129.114.108.158
#tid_7c6423456e025431b35c7a8ac43b9518,2023-09-20T22:11:55.495Z,2023-09-20T22:11:56.379Z,encrypt_20,e87e1b008907f94af70be0b808f05bb2c09737fb85ae093a0f0617385b6085ea,883,0,20,"[""5000"", ""25""]",26.535887088004316,26.546236328558127,26.554515721001174,26.556585569111935,11.41015625,129.114.108.158
#tid_695109867d4a50103eab94b34bbd54fd,2023-09-20T22:12:12.031Z,2023-09-20T22:12:12.926Z,encrypt_28,262ebab9505f5efed7e8e5d75c08f05453f230f3bbc750ddbede0c9856f1d6f1,895,0,28,"[""5000"", ""25""]",23.35135783104676,23.36016173447161,23.36720485721149,23.368965637896462,11.2578125,129.114.108.158
#tid_428115bf2fa4b1edf589f410f0be01c8,2023-09-20T22:12:15.437Z,2023-09-20T22:12:16.365Z,encrypt_30,f698f9e1b2f86cf827bcfabaa8d149536141cb7102c77d0e92450ea7bb8d9ce7,928,0,30,"[""5000"", ""25""]",27.705036285268,27.705193883628834,27.705319962317503,27.70535148198967,11.75,129.114.108.158
#tid_fced6164f9470f4855a4ee33de9228da,2023-09-20T22:12:18.781Z,2023-09-20T22:12:19.668Z,encrypt_32,8af38d28831f1086ac5ff47ccfb103d91439536930037ea4e08dc9a7eb8bb4f4,886,0,32,"[""5000"", ""25""]",25.458392211303426,25.47580706646541,25.489738950594997,25.493221921627395,11.390625,129.114.108.158
#tid_3541867685c211d2ea5e389a0f121600,2023-09-20T22:12:39.218Z,2023-09-20T22:12:40.282Z,encrypt_9,019eb737a4af9e0a0449943be2277585842243195677cca38901677215bda33f,1063,0,9,"[""5000"", ""30""]",23.349399701099646,23.35993555527531,23.368364238615843,23.37047140945098,12.3359375,129.114.108.158
#tid_d7c8fcc324c6bbe8999f8185fecc06d4,2023-09-20T22:13:04.632Z,2023-09-20T22:13:05.696Z,encrypt_20,e87e1b008907f94af70be0b808f05bb2c09737fb85ae093a0f0617385b6085ea,1063,0,20,"[""5000"", ""30""]",26.557769940920924,26.570428041437488,26.580554521850743,26.583086141954055,11.41015625,129.114.108.158
#tid_cf969a2469bcd040db1b6319b6445ca8,2023-09-20T22:13:20.463Z,2023-09-20T22:13:21.531Z,encrypt_28,262ebab9505f5efed7e8e5d75c08f05453f230f3bbc750ddbede0c9856f1d6f1,1067,0,28,"[""5000"", ""30""]",23.375495646099917,23.396454053795022,23.413220779951107,23.417412461490127,11.2578125,129.114.108.158
#tid_c9f5a278eecbc8749cc58d3c7fa7273b,2023-09-20T22:13:24.126Z,2023-09-20T22:13:25.239Z,encrypt_30,f698f9e1b2f86cf827bcfabaa8d149536141cb7102c77d0e92450ea7bb8d9ce7,1112,0,30,"[""5000"", ""30""]",27.648348421987667,27.719470555800378,27.77636826285055,27.790592689613092,11.8046875,129.114.108.158
#tid_d69c8900a18a300ab59d1cd4c4fce1c7,2023-09-20T22:13:32.805Z,2023-09-20T22:13:33.867Z,encrypt_32,8af38d28831f1086ac5ff47ccfb103d91439536930037ea4e08dc9a7eb8bb4f4,1062,0,32,"[""5000"", ""30""]",25.493923339401178,25.4946792290852,25.495283940832422,25.495435118769226,11.38671875,129.114.108.158
#tid_2502eac43c29c8fbdbc74f661dac6e9a,2023-09-20T22:13:57.827Z,2023-09-20T22:13:59.583Z,encrypt_9,019eb737a4af9e0a0449943be2277585842243195677cca38901677215bda33f,1756,0,9,"[""5000"", ""50""]",23.29941693346756,23.304340816012186,23.319368578647396,23.3231255193062,12.3359375,129.114.108.158
#tid_a8b949dca3b92fd980de62abdb545cd8,2023-09-20T22:14:28.815Z,2023-09-20T22:14:30.554Z,encrypt_20,e87e1b008907f94af70be0b808f05bb2c09737fb85ae093a0f0617385b6085ea,1739,0,20,"[""5000"", ""50""]",26.54172207579503,26.56861008220733,26.603407216653103,26.61210650026455,11.4296875,129.114.108.158
#tid_34ab0e354a71b7885f61991b6773f1cf,2023-09-20T22:14:50.248Z,2023-09-20T22:14:52.000Z,encrypt_28,262ebab9505f5efed7e8e5d75c08f05453f230f3bbc750ddbede0c9856f1d6f1,1752,0,28,"[""5000"", ""50""]",23.370826761493458,23.375494013344,23.39031488218711,23.394020099397885,11.26953125,129.114.108.158
#tid_2e593b452350eed555e432ccf0b4791a,2023-09-20T22:14:55.339Z,2023-09-20T22:14:57.151Z,encrypt_30,f698f9e1b2f86cf827bcfabaa8d149536141cb7102c77d0e92450ea7bb8d9ce7,1811,0,30,"[""5000"", ""50""]",27.67651986111183,27.676574495707584,27.67663385128575,27.67664869018029,11.71875,129.114.108.158
#tid_937379ab702de390aeee296f0cd5f3fd,2023-09-20T22:15:00.559Z,2023-09-20T22:15:02.315Z,encrypt_32,8af38d28831f1086ac5ff47ccfb103d91439536930037ea4e08dc9a7eb8bb4f4,1755,0,32,"[""5000"", ""50""]",25.479912112151116,25.495397254841095,25.495596404002168,25.495646191292437,11.390625,129.114.108.158
#tid_3e0e1ec2c8ed839a9729ce8a9deefc37,2023-09-20T22:15:33.482Z,2023-09-20T22:15:36.099Z,encrypt_9,019eb737a4af9e0a0449943be2277585842243195677cca38901677215bda33f,2616,0,9,"[""5000"", ""75""]",23.359403578238663,23.388702290321678,23.412550830611686,23.418515839175804,12.46484375,129.114.108.158
#tid_2c787cd0050ecbd056c825e523cdeeb2,2023-09-20T22:16:14.306Z,2023-09-20T22:16:16.924Z,encrypt_20,e87e1b008907f94af70be0b808f05bb2c09737fb85ae093a0f0617385b6085ea,2617,0,20,"[""5000"", ""75""]",26.557795181396582,26.578126391520705,26.58501784676711,26.58505725647332,11.54296875,129.114.108.158
#tid_9c9f49015404521bb4792e96449c671a,2023-09-20T22:16:42.814Z,2023-09-20T22:16:45.435Z,encrypt_28,262ebab9505f5efed7e8e5d75c08f05453f230f3bbc750ddbede0c9856f1d6f1,2621,0,28,"[""5000"", ""75""]",23.381837285409226,23.394200283446963,23.394690728232103,23.394702819234148,11.26171875,129.114.108.158
#tid_1d5fd86380101e62fa07fea12199e9f0,2023-09-20T22:16:49.591Z,2023-09-20T22:16:52.295Z,encrypt_30,f698f9e1b2f86cf827bcfabaa8d149536141cb7102c77d0e92450ea7bb8d9ce7,2703,0,30,"[""5000"", ""75""]",27.648325080474713,27.66725831643809,27.676278782299455,27.676603981889734,11.72265625,129.114.108.158
#tid_6ac24188c17b33be0afb7c11fbeb7ccb,2023-09-20T22:16:56.473Z,2023-09-20T22:16:59.083Z,encrypt_32,8af38d28831f1086ac5ff47ccfb103d91439536930037ea4e08dc9a7eb8bb4f4,2610,0,32,"[""5000"", ""75""]",25.469486466977614,25.469562483303907,25.689606422351176,25.759090780331746,11.5,129.114.108.158
#tid_f7b1c7f782a06148a1fe224a43999ae8,2023-09-20T22:17:37.465Z,2023-09-20T22:17:40.948Z,encrypt_9,019eb737a4af9e0a0449943be2277585842243195677cca38901677215bda33f,3482,0,9,"[""5000"", ""100""]",23.387478309375275,23.40321436892436,23.45090187866467,23.4667253333336,12.453125,129.114.108.158
#tid_516f152729cd5a6f46f8588ac3dd66b0,2023-09-20T22:18:27.914Z,2023-09-20T22:18:31.396Z,encrypt_20,e87e1b008907f94af70be0b808f05bb2c09737fb85ae093a0f0617385b6085ea,3481,0,20,"[""5000"", ""100""]",26.558176146232764,26.58490163275143,26.58511561025635,26.585148002894364,11.546875,129.114.108.158
#tid_e7ee80e1a876882310eca11044e69c97,2023-09-20T22:19:03.615Z,2023-09-20T22:19:07.099Z,encrypt_28,262ebab9505f5efed7e8e5d75c08f05453f230f3bbc750ddbede0c9856f1d6f1,3484,0,28,"[""5000"", ""100""]",23.36380507859573,23.370955289583453,23.40284195541246,23.4185187665042,11.26171875,129.114.108.158
#tid_15b2b18038eccfd8fb181da6cfe9078a,2023-09-20T22:19:12.136Z,2023-09-20T22:19:15.721Z,encrypt_30,f698f9e1b2f86cf827bcfabaa8d149536141cb7102c77d0e92450ea7bb8d9ce7,3585,0,30,"[""5000"", ""100""]",28.711734843125964,28.74102839423131,28.760613472432446,28.770682624686884,11.72265625,129.114.108.158
#tid_851d5c2998252ae131453dc2611e2ddc,2023-09-20T22:19:20.799Z,2023-09-20T22:19:24.266Z,encrypt_32,8af38d28831f1086ac5ff47ccfb103d91439536930037ea4e08dc9a7eb8bb4f4,3466,0,32,"[""5000"", ""100""]",25.46961594976703,25.49539667689623,25.51171053666846,25.519731776030557,11.5234375,129.114.108.158
#tid_5e1ba6532a4070abe69b71ad577cb37c,2023-09-20T22:19:39.580Z,2023-09-20T22:19:40.296Z,encrypt_9,019eb737a4af9e0a0449943be2277585842243195677cca38901677215bda33f,716,0,9,"[""10000"", ""10""]",23.3424839046388,23.35682810648238,23.36830346795724,23.371172308325956,12.48828125,129.114.108.158
#tid_a81f60e7d55235a6058f38889170da91,2023-09-20T22:20:00.715Z,2023-09-20T22:20:01.432Z,encrypt_20,e87e1b008907f94af70be0b808f05bb2c09737fb85ae093a0f0617385b6085ea,716,0,20,"[""10000"", ""10""]",26.596163726467843,26.6044416234424,26.61106394102205,26.61271952041696,11.51953125,129.114.108.158
#tid_d770792fcc197fe33d02f27848b3b41e,2023-09-20T22:20:16.248Z,2023-09-20T22:20:16.960Z,encrypt_28,262ebab9505f5efed7e8e5d75c08f05453f230f3bbc750ddbede0c9856f1d6f1,711,0,28,"[""10000"", ""10""]",23.356599698723706,23.36376173386208,23.36949136197278,23.370923769000456,11.40625,129.114.108.158
#tid_bb0703c28ef9d8e78ef269b4f2a852a2,2023-09-20T22:20:19.285Z,2023-09-20T22:20:20.033Z,encrypt_30,f698f9e1b2f86cf827bcfabaa8d149536141cb7102c77d0e92450ea7bb8d9ce7,747,0,30,"[""10000"", ""10""]",29.816604619645027,29.89329318657279,29.954644040115006,29.96998175350056,11.8671875,129.114.108.158
#tid_81ef9757131432f88127fc19b897c1e4,2023-09-20T22:20:22.183Z,2023-09-20T22:20:22.891Z,encrypt_32,8af38d28831f1086ac5ff47ccfb103d91439536930037ea4e08dc9a7eb8bb4f4,707,0,32,"[""10000"", ""10""]",25.46948753552038,25.482496138176657,25.49290302030168,25.495504740832935,11.53125,129.114.108.158
#tid_eea6ab6ef9feba8e598882844f497882,2023-09-20T22:20:46.918Z,2023-09-20T22:20:48.656Z,encrypt_9,019eb737a4af9e0a0449943be2277585842243195677cca38901677215bda33f,1738,0,9,"[""10000"", ""25""]",23.356769123553388,23.404462959779664,23.510742569574184,23.537312472022816,12.515625,129.114.108.158
#tid_631e7f089d243a4e6498f1c2a1d16b96,2023-09-20T22:21:17.888Z,2023-09-20T22:21:19.631Z,encrypt_20,e87e1b008907f94af70be0b808f05bb2c09737fb85ae093a0f0617385b6085ea,1743,0,20,"[""10000"", ""25""]",26.530745558612875,26.541635879446243,26.576276253051546,26.58493634645287,11.57421875,129.114.108.158
#tid_64e491f4ddd644db24d31383f043a963,2023-09-20T22:21:40.191Z,2023-09-20T22:21:41.936Z,encrypt_28,262ebab9505f5efed7e8e5d75c08f05453f230f3bbc750ddbede0c9856f1d6f1,1745,0,28,"[""10000"", ""25""]",23.37088547686573,23.375670377098626,23.390941500541093,23.394759281401708,11.27734375,129.114.108.158
#tid_98ed240b2f1b5a34e90884a42376c208,2023-09-20T22:21:45.235Z,2023-09-20T22:21:47.016Z,encrypt_30,f698f9e1b2f86cf827bcfabaa8d149536141cb7102c77d0e92450ea7bb8d9ce7,1780,0,30,"[""10000"", ""25""]",30.837656932846507,30.870157366241653,30.971603052492846,30.996964474055645,11.95703125,129.114.108.158
#tid_243997017e94c46a085c3b632bf0e877,2023-09-20T22:21:49.106Z,2023-09-20T22:21:50.838Z,encrypt_32,8af38d28831f1086ac5ff47ccfb103d91439536930037ea4e08dc9a7eb8bb4f4,1732,0,32,"[""10000"", ""25""]",25.50588808013108,25.52670259808875,25.543410995546747,25.547588094911244,11.61328125,129.114.108.158
#tid_521e53783e7d742036d48127459887c7,2023-09-20T22:22:17.670Z,2023-09-20T22:22:19.747Z,encrypt_9,019eb737a4af9e0a0449943be2277585842243195677cca38901677215bda33f,2076,0,9,"[""10000"", ""30""]",23.369779592953858,23.37012709857214,23.370518199695667,23.37061597497655,12.3984375,129.114.108.158
#tid_4a8722a2456aa4115e5c45c51f56290a,2023-09-20T22:22:52.214Z,2023-09-20T22:22:54.278Z,encrypt_20,e87e1b008907f94af70be0b808f05bb2c09737fb85ae093a0f0617385b6085ea,2064,0,20,"[""10000"", ""30""]",26.560573317543422,26.584969692841025,26.585032381783787,26.585048054019477,11.58203125,129.114.108.158
#tid_0e2c1c40f042519645b763fb2753bee3,2023-09-20T22:23:14.738Z,2023-09-20T22:23:16.825Z,encrypt_28,262ebab9505f5efed7e8e5d75c08f05453f230f3bbc750ddbede0c9856f1d6f1,2086,0,28,"[""10000"", ""30""]",23.442660166348738,23.46672172307649,23.543908431402134,23.563205108483544,11.30078125,129.114.108.158
#tid_35b0545fff907cd2dff951177f80d481,2023-09-20T22:23:20.406Z,2023-09-20T22:23:22.555Z,encrypt_30,f698f9e1b2f86cf827bcfabaa8d149536141cb7102c77d0e92450ea7bb8d9ce7,2149,0,30,"[""10000"", ""30""]",30.80555335618532,30.80695536844469,30.832174048187213,30.838478718122843,11.8359375,129.114.108.158
#tid_b432aca2719a5418ab055c4bc3c87d27,2023-09-20T22:23:25.037Z,2023-09-20T22:23:27.101Z,encrypt_32,8af38d28831f1086ac5ff47ccfb103d91439536930037ea4e08dc9a7eb8bb4f4,2063,0,32,"[""10000"", ""30""]",25.469414613916186,25.472169201362096,25.511700488090703,25.521583309772854,11.61328125,129.114.108.158
#tid_71dba931cdbab7ba294c989ceed10b2d,2023-09-20T22:24:06.549Z,2023-09-20T22:24:10.004Z,encrypt_9,019eb737a4af9e0a0449943be2277585842243195677cca38901677215bda33f,3454,0,9,"[""10000"", ""50""]",23.37106718845989,23.371184409449526,23.419077842463548,23.442653404053885,12.39453125,129.114.108.158
#tid_4d07831452ef8e56cffd4ced81a09ef1,2023-09-20T22:24:55.970Z,2023-09-20T22:24:59.411Z,encrypt_20,e87e1b008907f94af70be0b808f05bb2c09737fb85ae093a0f0617385b6085ea,3441,0,20,"[""10000"", ""50""]",26.557918868397874,26.584741867924997,26.587110323957305,26.588214209437826,11.67578125,129.114.108.158
#tid_090e2d85f559799d4481e10747c101c5,2023-09-20T22:25:32.062Z,2023-09-20T22:25:35.522Z,encrypt_28,262ebab9505f5efed7e8e5d75c08f05453f230f3bbc750ddbede0c9856f1d6f1,3459,0,28,"[""10000"", ""50""]",23.387507917240168,23.39468168528765,23.410747085147815,23.418649595572656,11.4296875,129.114.108.158
#tid_894017cc4b4198bbc4bc7f4fdbdc23d6,2023-09-20T22:25:40.622Z,2023-09-20T22:25:44.167Z,encrypt_30,f698f9e1b2f86cf827bcfabaa8d149536141cb7102c77d0e92450ea7bb8d9ce7,3545,0,30,"[""10000"", ""50""]",31.89211921411602,31.901904796724846,31.923846051938686,31.934637324193993,11.9375,129.114.108.158
#tid_6befbf3708f55c317f38c5a9a0ae82a2,2023-09-20T22:25:47.892Z,2023-09-20T22:25:51.306Z,encrypt_32,8af38d28831f1086ac5ff47ccfb103d91439536930037ea4e08dc9a7eb8bb4f4,3413,0,32,"[""10000"", ""50""]",25.469431805753278,25.479830326515387,25.49550891815604,25.495558183120227,11.50390625,129.114.108.158
#tid_82926715e801886f1033d47ca1859226,2023-09-20T22:26:42.914Z,2023-09-20T22:26:48.050Z,encrypt_9,019eb737a4af9e0a0449943be2277585842243195677cca38901677215bda33f,5136,0,9,"[""10000"", ""75""]",23.372794656989523,23.39268285706688,23.394762007782646,23.394796397966793,12.40625,129.114.108.158
#tid_009edfb53a220f10cca418964c62772e,2023-09-20T22:27:51.810Z,2023-09-20T22:27:56.986Z,encrypt_20,e87e1b008907f94af70be0b808f05bb2c09737fb85ae093a0f0617385b6085ea,5175,0,20,"[""10000"", ""75""]",26.558012356650934,26.583136308108987,26.626657910265447,26.66658025641019,11.69140625,129.114.108.158
#tid_0f48f4b6abc1be6a8114d342440c9f6c,2023-09-20T22:28:41.917Z,2023-09-20T22:28:47.088Z,encrypt_28,262ebab9505f5efed7e8e5d75c08f05453f230f3bbc750ddbede0c9856f1d6f1,5171,0,28,"[""10000"", ""75""]",23.39474016074813,23.406223606726538,23.483416306822065,23.54812102237705,11.42578125,129.114.108.158
#tid_81ab8075b5f81c6fe8a4e428b9805079,2023-09-20T22:28:53.879Z,2023-09-20T22:28:59.166Z,encrypt_30,f698f9e1b2f86cf827bcfabaa8d149536141cb7102c77d0e92450ea7bb8d9ce7,5286,0,30,"[""10000"", ""75""]",31.90191597770644,31.91681934002798,31.967371537383734,31.967554949268738,11.984375,129.114.108.158
#tid_f585707bf54e6c7a22085dba91a0d973,2023-09-20T22:29:04.698Z,2023-09-20T22:29:09.803Z,encrypt_32,8af38d28831f1086ac5ff47ccfb103d91439536930037ea4e08dc9a7eb8bb4f4,5104,0,32,"[""10000"", ""75""]",25.468699581582285,25.469424481423466,25.48288085101527,25.495604761261596,11.61328125,129.114.108.158
#tid_76390635cb3f7c761173854af1a0207c,2023-09-20T22:30:15.964Z,2023-09-20T22:30:22.776Z,encrypt_9,019eb737a4af9e0a0449943be2277585842243195677cca38901677215bda33f,6811,0,9,"[""10000"", ""100""]",23.37084748059456,23.388321133987237,23.45499930806524,23.52502535040815,12.5078125,129.114.108.158
#tid_a1d7a9a83d6156a31113727d8e071f60,2023-09-20T22:31:44.869Z,2023-09-20T22:31:51.722Z,encrypt_20,e87e1b008907f94af70be0b808f05bb2c09737fb85ae093a0f0617385b6085ea,6853,0,20,"[""10000"", ""100""]",26.55792433315756,26.584210681831358,26.612212876928265,26.613193757175992,11.71875,129.114.108.158
#tid_10b28903b6c79a4e7266b0d92f5e0232,2023-09-20T22:32:49.144Z,2023-09-20T22:32:55.985Z,encrypt_28,262ebab9505f5efed7e8e5d75c08f05453f230f3bbc750ddbede0c9856f1d6f1,6841,0,28,"[""10000"", ""100""]",23.394717845819137,23.394824269131625,23.426902391639192,23.442989264709713,11.4296875,129.114.108.158
#tid_81b6ae4068982273340f38a3b42c8918,2023-09-20T22:33:04.368Z,2023-09-20T22:33:11.434Z,encrypt_30,f698f9e1b2f86cf827bcfabaa8d149536141cb7102c77d0e92450ea7bb8d9ce7,7066,0,30,"[""10000"", ""100""]",31.83684499791084,31.869253329526803,31.87977921187296,31.90187361574367,11.8671875,129.114.108.158
#tid_d8c48e14d8369ce964e79352716d2cb4,2023-09-20T22:33:18.667Z,2023-09-20T22:33:25.448Z,encrypt_32,8af38d28831f1086ac5ff47ccfb103d91439536930037ea4e08dc9a7eb8bb4f4,6781,0,32,"[""10000"", ""100""]",25.469673128201404,25.495456863406734,25.566873011599345,25.57402207416988,11.6328125,129.114.108.158
#tid_b2ffde2136aee68e3cc3e6ce21833a6b,2023-09-20T22:33:55.139Z,2023-09-20T22:33:57.563Z,encrypt_9,019eb737a4af9e0a0449943be2277585842243195677cca38901677215bda33f,2423,0,9,"[""35000"", ""10""]",23.36591642048294,23.37083817722411,23.389476627414712,23.39472733866118,12.67578125,129.114.108.158
#tid_2b922b569e32004c30eeadc6b68d12ec,2023-09-20T22:34:33.245Z,2023-09-20T22:34:35.664Z,encrypt_20,e87e1b008907f94af70be0b808f05bb2c09737fb85ae093a0f0617385b6085ea,2418,0,20,"[""35000"", ""10""]",26.49012187932366,26.527034287013713,26.652872431173854,26.687358456970568,11.87890625,129.114.108.158
#tid_2bca6124f262ac7e8c76dc3bb6fa3968,2023-09-20T22:35:01.312Z,2023-09-20T22:35:03.751Z,encrypt_28,262ebab9505f5efed7e8e5d75c08f05453f230f3bbc750ddbede0c9856f1d6f1,2439,0,28,"[""35000"", ""10""]",23.309800014839126,23.322303525885523,23.44743502053975,23.484545329081318,11.69921875,129.114.108.158
#tid_33962480cd4624369484bf20c7261fed,2023-09-20T22:35:07.763Z,2023-09-20T22:35:10.208Z,encrypt_30,f698f9e1b2f86cf827bcfabaa8d149536141cb7102c77d0e92450ea7bb8d9ce7,2444,0,30,"[""35000"", ""10""]",32.94910140085957,32.9911691016754,32.99876786560472,32.99916362804013,12.546875,129.114.108.158
#tid_50837c1a7f938522a0b1fdc6670fa506,2023-09-20T22:35:13.054Z,2023-09-20T22:35:15.468Z,encrypt_32,8af38d28831f1086ac5ff47ccfb103d91439536930037ea4e08dc9a7eb8bb4f4,2414,0,32,"[""35000"", ""10""]",25.48763844134451,25.517605926131033,25.521567579711405,25.521582818975265,11.78515625,129.114.108.158
#tid_09252debbd60be30bbd0525278d1da61,2023-09-20T22:36:13.889Z,2023-09-20T22:36:19.876Z,encrypt_9,019eb737a4af9e0a0449943be2277585842243195677cca38901677215bda33f,5987,0,9,"[""35000"", ""25""]",23.37088189558925,23.394707340707157,23.405342874061127,23.4185719087756,13.4921875,129.114.108.158
#tid_884e6c6d7e4de0e41256e2b273f1cae8,2023-09-20T22:37:31.945Z,2023-09-20T22:37:37.948Z,encrypt_20,e87e1b008907f94af70be0b808f05bb2c09737fb85ae093a0f0617385b6085ea,6002,0,20,"[""35000"", ""25""]",26.557742055323768,26.580790998804858,26.584766665982897,26.584788084693734,12.3828125,129.114.108.158
#tid_5769aeb51c6fd298296b509d0fbaa3c9,2023-09-20T22:38:29.177Z,2023-09-20T22:38:35.205Z,encrypt_28,262ebab9505f5efed7e8e5d75c08f05453f230f3bbc750ddbede0c9856f1d6f1,6027,0,28,"[""35000"", ""25""]",23.34655954374717,23.368970233966575,23.38150934261124,23.394779301851663,12.015625,129.114.108.158
#tid_d3d085d9c23be63cf0cf2dcf8bffefaf,2023-09-20T22:38:42.709Z,2023-09-20T22:38:48.716Z,encrypt_30,f698f9e1b2f86cf827bcfabaa8d149536141cb7102c77d0e92450ea7bb8d9ce7,6006,0,30,"[""35000"", ""25""]",32.931550402943316,32.934395751451525,32.9601529026089,32.96534230681988,12.5390625,129.114.108.158
#tid_15705b0153c7340fa5e6f66700283403,2023-09-20T22:38:55.112Z,2023-09-20T22:39:01.057Z,encrypt_32,8af38d28831f1086ac5ff47ccfb103d91439536930037ea4e08dc9a7eb8bb4f4,5945,0,32,"[""35000"", ""25""]",25.443390476996658,25.445793374364182,25.491497517307206,25.495416487512813,12.37890625,129.114.108.158
#tid_37fa04c0feacaba3d67bdd14d2b9c809,2023-09-20T22:40:09.476Z,2023-09-20T22:40:16.656Z,encrypt_9,019eb737a4af9e0a0449943be2277585842243195677cca38901677215bda33f,7179,0,9,"[""35000"", ""30""]",23.346989411010007,23.370468132280017,23.378022496537742,23.39392877015358,13.09375,129.114.108.158
#tid_8c1b738828370ced555c74c9383d4487,2023-09-20T22:41:40.615Z,2023-09-20T22:41:47.838Z,encrypt_20,e87e1b008907f94af70be0b808f05bb2c09737fb85ae093a0f0617385b6085ea,7221,0,20,"[""35000"", ""30""]",26.53064359017621,26.539677298001536,26.56198685429639,26.584802655246182,12.11328125,129.114.108.158
#tid_9fb572b3275e97144c9f436945d61014,2023-09-20T22:42:46.485Z,2023-09-20T22:42:53.684Z,encrypt_28,262ebab9505f5efed7e8e5d75c08f05453f230f3bbc750ddbede0c9856f1d6f1,7198,0,28,"[""35000"", ""30""]",23.3707393457622,23.38228018998482,23.404141761284105,23.425921889871365,11.81640625,129.114.108.158
#tid_bd86ef475012b1cf7b0d015f960c6114,2023-09-20T22:43:02.412Z,2023-09-20T22:43:09.546Z,encrypt_30,f698f9e1b2f86cf827bcfabaa8d149536141cb7102c77d0e92450ea7bb8d9ce7,7134,0,30,"[""35000"", ""30""]",33.959205183182846,33.978318892341086,34.00319406838383,34.02377880975931,12.671875,129.114.108.158
#tid_83eb7cc0a939949ac5cb23d9c4c9e2af,2023-09-20T22:43:17.218Z,2023-09-20T22:43:24.325Z,encrypt_32,8af38d28831f1086ac5ff47ccfb103d91439536930037ea4e08dc9a7eb8bb4f4,7107,0,32,"[""35000"", ""30""]",25.485502588648252,25.495755600893588,25.529559411173377,25.547825560482686,12.32421875,129.114.108.158
#tid_5ab5523cf5721af12f420a42b30670ad,2023-09-20T22:45:10.372Z,2023-09-20T22:45:22.287Z,encrypt_9,019eb737a4af9e0a0449943be2277585842243195677cca38901677215bda33f,11914,0,9,"[""35000"", ""50""]",23.346957303017653,23.351838925139006,23.39120030560054,23.394793473629576,13.3828125,129.114.108.158
#tid_eb9e19a0e65278737e38a9fee41ae271,2023-09-20T22:47:33.651Z,2023-09-20T22:47:45.554Z,encrypt_20,e87e1b008907f94af70be0b808f05bb2c09737fb85ae093a0f0617385b6085ea,11902,0,20,"[""35000"", ""50""]",26.55574981834457,26.55784261712158,26.58070419909244,26.585043452792107,12.62890625,129.114.108.158
#tid_bb331b45ef0e3ee27aa3d6e11ff6df7a,2023-09-20T22:49:19.153Z,2023-09-20T22:49:31.038Z,encrypt_28,262ebab9505f5efed7e8e5d75c08f05453f230f3bbc750ddbede0c9856f1d6f1,11884,0,28,"[""35000"", ""50""]",23.347145726701477,23.368030076097742,23.387173309493665,23.39450014029758,12.24609375,129.114.108.158
#tid_586ef39e774dde1f1ee97cb181b563b2,2023-09-20T22:49:44.537Z,2023-09-20T22:49:56.340Z,encrypt_30,f698f9e1b2f86cf827bcfabaa8d149536141cb7102c77d0e92450ea7bb8d9ce7,11802,0,30,"[""35000"", ""50""]",33.9590141627728,33.993650998015674,34.11253844028876,34.47119002522587,12.62890625,129.114.108.158
#tid_16b59a5e76ce6bbaf3ef81d542e144ff,2023-09-20T22:50:08.823Z,2023-09-20T22:50:20.555Z,encrypt_32,8af38d28831f1086ac5ff47ccfb103d91439536930037ea4e08dc9a7eb8bb4f4,11731,0,32,"[""35000"", ""50""]",25.495005521220115,25.49553732224724,25.52178718442574,25.547695198289272,11.9453125,129.114.108.158
#tid_0c779ca9ce12513addea20bf4e908ff8,2023-09-20T22:52:54.810Z,2023-09-20T22:53:12.470Z,encrypt_9,019eb737a4af9e0a0449943be2277585842243195677cca38901677215bda33f,17659,0,9,"[""35000"", ""75""]",23.370703184731703,23.389788944164753,23.400835850502006,23.59571619988739,13.1328125,129.114.108.158
#tid_482faad4404763af45f3c95084af3947,2023-09-20T22:56:23.456Z,2023-09-20T22:56:41.173Z,encrypt_20,e87e1b008907f94af70be0b808f05bb2c09737fb85ae093a0f0617385b6085ea,17717,0,20,"[""35000"", ""75""]",26.557161794853204,26.564892618104555,26.639695254822367,26.74908719463979,12.58203125,129.114.108.158
#tid_90eaf36e37b0d9b415bb61909b04b823,2023-09-20T22:58:56.883Z,2023-09-20T22:59:14.673Z,encrypt_28,262ebab9505f5efed7e8e5d75c08f05453f230f3bbc750ddbede0c9856f1d6f1,17789,0,28,"[""35000"", ""75""]",23.3708114805949,23.379252332636415,23.40124586006644,23.478499988937926,12.46875,129.114.108.158
#tid_c7566882009515e40799ca77b780bf51,2023-09-20T22:59:33.253Z,2023-09-20T22:59:50.937Z,encrypt_30,f698f9e1b2f86cf827bcfabaa8d149536141cb7102c77d0e92450ea7bb8d9ce7,17684,0,30,"[""35000"", ""75""]",33.92470050143921,33.951406270156816,33.99379433009704,34.015330897397845,12.7109375,129.114.108.158
#tid_41d96857733228cfdbcabda675b69310,2023-09-20T23:00:09.226Z,2023-09-20T23:00:26.798Z,encrypt_32,8af38d28831f1086ac5ff47ccfb103d91439536930037ea4e08dc9a7eb8bb4f4,17571,0,32,"[""35000"", ""75""]",25.469385646472233,25.469571446569596,25.49541569406861,25.521408831243907,12.25,129.114.108.158
