start_timestamps,function,duration,parameters
1620521960.3202827,lrtrain,47935.0,['20M-reviews.csv']
1620521961.1939006,lrtrain,208818.0,['100M-reviews.csv']
1620521961.4743094,sentiment,14421.0,['2500-strings.json']
1620521961.8228927,encrypt,8655.0,"['50000.0', '25.0']"
1620521961.9945343,sentiment,4663.0,['750-strings.json']
1620521962.6231828,imageprocess,2934.5,['4.3M-sunset_and_evening_1_of_2_515486.jpg']
1620521962.694124,sentiment,16049.5,['2750-strings.json']
1620521963.3688495,encrypt,3488.5,"['10000.0', '50.0']"
1620521963.6863842,sentiment,6034.0,['1000-strings.json']
1620521963.7729924,floatmatmult,31556.0,"['matrix1_6000_0.5.txt', 'matrix1_6000_0.5.txt']"
1620521964.2945898,sentiment,1786.5,['250-strings.json']
1620521964.3239374,lrtrain,105881.0,['50M-reviews.csv']
1620521964.4648347,imageprocess,1640.5,['7.8M-26365_kitty_515094.jpg']
1620521965.132565,videoprocess,531.0,['820K-cbw3.avi']
1620521965.6649826,videoprocess,397.0,['284K-flame.avi']
1620521966.2577028,imageprocess,1073.5,['5.7M-winter_in_leeds_513733.jpg']
1620521966.7204053,lrtrain,15365.0,['10M-reviews.csv']
1620521966.9364662,mobilenet,3114.5,['4.3M-sunset_and_evening_1_of_2_515486.jpg']
1620521967.0782175,mobilenet,3053.5,['7.8M-26365_kitty_515094.jpg']
1620521968.090644,sentiment,521.0,['50-strings.json']
1620521968.173605,imageprocess,3441.5,['30M-river_landscape_515440.jpg']
1620521969.0476823,linpack,35822.1924184261,['9000.0']
1620521969.049081,sentiment,12872.0,['2250-strings.json']
1620521969.3508346,imageprocess,1482.0,['6.1M-simple_landscape_2_515009.jpg']
1620521969.8903992,floatmatmult,10375.5,"['matrix1_4000_0.1.txt', 'matrix1_4000_0.1.txt']"
1620521970.5458481,linpack,13916.737044145872,['2500.0']
1620521970.6374617,lrtrain,47935.0,['20M-reviews.csv']
1620521970.7215583,floatmatmult,3300.0,"['matrix1_2000_0.5.txt', 'matrix1_2000_0.5.txt']"
1620521970.8210635,encrypt,3549.0,"['5000.0', '100.0']"
1620521971.367006,mobilenet,2941.0,['5.7M-winter_in_leeds_513733.jpg']
1620521971.5255096,imageprocess,2262.5,['5.6M-pink_sorrel_515688.jpg']
1620521971.5810795,videoprocess,4964.0,['2.2M.mp4']
1620521972.3156683,sentiment,804.5,['100-strings.json']
1620521973.2702937,encrypt,3518.5,"['50000.0', '10.0']"
1620521974.4589493,linpack,24026.947216890592,['5500.0']
1620521975.009239,mobilenet,3472.5,['30M-river_landscape_515440.jpg']
1620521975.7382438,sentiment,3266.5,['500-strings.json']
1620521976.2942016,imageprocess,4576.5,['13M-forest_515915.jpg']
1620521976.8055842,encrypt,6981.0,"['10000.0', '100.0']"
1620521976.8912902,encrypt,2701.0,"['5000.0', '75.0']"
1620521976.9443896,encrypt,757.0,"['1000.0', '100.0']"
1620521977.64605,mobilenet,2997.5,['6.1M-simple_landscape_2_515009.jpg']
1620521977.6675987,linpack,20656.87715930902,['4500.0']
1620521978.0369747,floatmatmult,33575.0,"['matrix1_6000_0.7.txt', 'matrix1_6000_0.7.txt']"
1620521978.0792425,encrypt,223.0,"['500.0', '50.0']"
1620521978.232647,imageprocess,1498.0,['4.5M-forest_513174.jpg']
1620521978.8606327,mobilenet,3089.0,['5.6M-pink_sorrel_515688.jpg']
1620521978.8691592,sentiment,8838.0,['1500-strings.json']
1620521979.1920855,mobilenet,3360.0,['13M-forest_515915.jpg']
1620521980.6916928,linpack,2522.0,['500.0']
1620521980.7910123,floatmatmult,59077.5,"['matrix1_8000_0.7.txt', 'matrix1_8000_0.7.txt']"
1620521981.248987,mobilenet,2996.5,['4.5M-forest_513174.jpg']
1620521982.5432827,lrtrain,208818.0,['100M-reviews.csv']
1620521983.8022096,floatmatmult,51849.0,"['matrix1_8000_0.3.txt', 'matrix1_8000_0.3.txt']"
1620521984.797379,lrtrain,105881.0,['50M-reviews.csv']
1620521985.0528111,mobilenet,3065.0,['6.1M-fire_514822.jpg']
1620521985.5288446,floatmatmult,34877.5,"['matrix1_6000_0.9.txt', 'matrix1_6000_0.9.txt']"
1620521986.452059,imageprocess,1821.0,['6.1M-fire_514822.jpg']
1620521987.3884656,floatmatmult,12201.5,"['matrix1_4000_0.5.txt', 'matrix1_4000_0.5.txt']"
1620521988.6401446,mobilenet,3055.5,['6.2M-dark_city_513227.jpg']
1620521988.7202609,sentiment,17761.5,['3000-strings.json']
1620521989.4971,videoprocess,814.5,['404K-small.avi']
1620521989.8255975,imageprocess,1697.0,['6.2M-dark_city_513227.jpg']
1620521990.1639452,sentiment,10701.0,['1750-strings.json']
1620521990.318504,encrypt,385.5,"['5000.0', '10.0']"
1620521990.435873,mobilenet,2947.5,['3.5M-standing_restrictions_explored_14th_january_2013_46_513166.jpg']
1620521991.28185,floatmatmult,26583.0,"['matrix1_6000_0.1.txt', 'matrix1_6000_0.1.txt']"
1620521991.4763727,encrypt,23943.5,"['35000.0', '100.0']"
1620521991.709196,lrtrain,15365.0,['10M-reviews.csv']
1620521992.5540774,linpack,37507.22744721689,['9500.0']
1620521994.360045,encrypt,17921.0,"['35000.0', '75.0']"
1620521994.6781988,videoprocess,8385.0,['4.9M.mp4']
1620521994.722192,mobilenet,2976.0,['1.3M-daisy_514381.jpg']
1620521994.8646708,imageprocess,1387.0,['3.5M-standing_restrictions_explored_14th_january_2013_46_513166.jpg']
1620521995.2376015,sentiment,11671.0,['2000-strings.json']
1620521995.487468,floatmatmult,3006.0,"['matrix1_2000_0.3.txt', 'matrix1_2000_0.3.txt']"
1620521996.1512914,floatmatmult,13297.5,"['matrix1_4000_0.7.txt', 'matrix1_4000_0.7.txt']"
1620521996.737418,mobilenet,3068.0,['5.7M-yantra_river_514678.jpg']
1620521996.911804,videoprocess,4683.5,['3.8M-lion-sample.avi']
1620521996.9783332,encrypt,34271.5,"['50000.0', '100.0']"
1620521998.4262924,linpack,15601.77207293666,['3000.0']
1620521999.6855156,sentiment,7394.0,['1250-strings.json']
1620522000.997726,floatmatmult,13819.0,"['matrix1_4000_0.9.txt', 'matrix1_4000_0.9.txt']"
1620522001.0682094,videoprocess,475.0,['660K-drop.avi']
1620522001.3681977,encrypt,17276.5,"['50000.0', '50.0']"
1620522002.2824156,encrypt,80.5,"['500.0', '10.0']"
1620522002.3171585,encrypt,10401.0,"['50000.0', '30.0']"
1620522002.4556487,imageprocess,1487.5,['1.3M-daisy_514381.jpg']
1620522003.821966,floatmatmult,1281.0,"['matrix1_1000_0.3.txt', 'matrix1_1000_0.3.txt']"
1620522004.1255329,floatmatmult,29003.0,"['matrix1_6000_0.3.txt', 'matrix1_6000_0.3.txt']"
1620522004.7160964,mobilenet,2983.0,['4.6M-german_air_force_a340_3001602_517125.jpg']
1620522004.73368,mobilenet,3054.0,['4.1M-backlit_flower_513144.jpg']
1620522004.7901967,imageprocess,1479.0,['5.7M-yantra_river_514678.jpg']
1620522004.9577038,mobilenet,3007.0,['2.5M-red_velvet_514717.jpg']
1620522005.5402057,encrypt,398.0,"['1000.0', '50.0']"
1620522006.5274248,videoprocess,9439.0,['6.1M.mp4']
1620522006.6129804,imageprocess,1503.5,['4.6M-german_air_force_a340_3001602_517125.jpg']
1620522006.831529,floatmatmult,57067.5,"['matrix1_8000_0.5.txt', 'matrix1_8000_0.5.txt']"
1620522006.870982,imageprocess,2038.5,['4.1M-backlit_flower_513144.jpg']
1620522006.887046,imageprocess,1334.0,['2.5M-red_velvet_514717.jpg']
1620522007.296763,sentiment,14421.0,['2500-strings.json']
1620522008.0667756,sentiment,4663.0,['750-strings.json']
1620522008.2816732,videoprocess,3078.5,['4.9M-640.avi']
1620522010.0599988,lrtrain,47935.0,['20M-reviews.csv']
1620522010.2382164,encrypt,1088.5,"['5000.0', '30.0']"
1620522010.5447142,sentiment,16049.5,['2750-strings.json']
1620522011.458339,floatmatmult,3662.0,"['matrix1_2000_0.9.txt', 'matrix1_2000_0.9.txt']"
1620522011.768422,videoprocess,3086.0,['1008K-grb_2.avi']
1620522011.8999863,lrtrain,208818.0,['100M-reviews.csv']
1620522012.6388555,lrtrain,105881.0,['50M-reviews.csv']
1620522012.7405834,encrypt,104.0,"['1000.0', '10.0']"
1620522013.4687057,floatmatmult,11399.0,"['matrix1_4000_0.3.txt', 'matrix1_4000_0.3.txt']"
1620522013.922464,encrypt,739.0,"['10000.0', '10.0']"
1620522014.4909387,mobilenet,2964.5,['1.4M-sunset_river_514676.jpg']
1620522015.035361,mobilenet,3515.0,['28M-the_river_514681.jpg']
1620522015.1414297,sentiment,6034.0,['1000-strings.json']
1620522016.0066578,mobilenet,2974.5,['4.0M-hi_there_513531.jpg']
1620522016.2359085,encrypt,1793.5,"['5000.0', '50.0']"
1620522016.2547715,lrtrain,15365.0,['10M-reviews.csv']
1620522017.2394423,lrtrain,47935.0,['20M-reviews.csv']
1620522019.2986333,mobilenet,3400.5,['12M-disabled_fashion_513292.jpg']
1620522019.4101758,videoprocess,17160.5,['11M-SampleVideo_1280x720_10mb.mp4']
1620522019.5426261,lrtrain,208818.0,['100M-reviews.csv']
1620522019.9786818,imageprocess,1294.0,['1.4M-sunset_river_514676.jpg']
1620522020.434642,lrtrain,105881.0,['50M-reviews.csv']
1620522021.1763299,lrtrain,15365.0,['10M-reviews.csv']
1620522021.4057333,mobilenet,3382.5,['7.4M-ford_gt_35_15_516157.jpg']
1620522022.0372462,encrypt,250.0,"['1000.0', '30.0']"
1620522023.964258,lrtrain,47935.0,['20M-reviews.csv']
1620522024.3270965,imageprocess,4161.5,['28M-the_river_514681.jpg']
1620522024.4930632,linpack,34137.157389635315,['8500.0']
1620522024.5268114,encrypt,11929.5,"['35000.0', '50.0']"
1620522024.986821,lrtrain,208818.0,['100M-reviews.csv']
1620522025.4930634,videoprocess,9070.0,['5.6M.mp4']
1620522025.6949377,encrypt,145.5,"['500.0', '30.0']"
1620522026.0720568,encrypt,921.0,"['5000.0', '25.0']"
1620522027.1137357,encrypt,7234.5,"['35000.0', '30.0']"
1620522027.5487974,imageprocess,1472.0,['4.0M-hi_there_513531.jpg']
1620522028.487675,sentiment,1786.5,['250-strings.json']
1620522028.5360942,linpack,8019.114443378119,['750.0']
1620522029.2876194,sentiment,521.0,['50-strings.json']
1620522029.4495301,lrtrain,105881.0,['50M-reviews.csv']
1620522030.0045922,floatmatmult,3588.0,"['matrix1_2000_0.7.txt', 'matrix1_2000_0.7.txt']"
1620522030.5193362,imageprocess,4037.0,['12M-disabled_fashion_513292.jpg']
1620522032.1043608,mobilenet,2980.5,['1.6M-lisbon_sunset_514529.jpg']
1620522032.2318892,sentiment,12872.0,['2250-strings.json']
1620522032.3632507,videoprocess,4369.0,['6.1M-720.avi']
1620522032.4481745,lrtrain,15365.0,['10M-reviews.csv']
1620522032.9976962,linpack,31019.5,['7500.0']
1620522033.020615,imageprocess,2697.5,['7.4M-ford_gt_35_15_516157.jpg']
1620522033.1341515,lrtrain,47935.0,['20M-reviews.csv']
1620522033.2692852,mobilenet,2992.5,['6.4M-peacock_butterfly_2_514342.jpg']
1620522033.281261,linpack,27397.017274472164,['6500.0']
1620522033.3953888,floatmatmult,2736.0,"['matrix1_2000_0.1.txt', 'matrix1_2000_0.1.txt']"
1620522033.8551555,imageprocess,1211.0,['1.6M-lisbon_sunset_514529.jpg']
1620522034.218556,videoprocess,672.0,['1.5M-bird.avi']
1620522034.6469398,mobilenet,3112.0,['7.9M-craggy_rock_517201.jpg']
1620522035.4401414,lrtrain,208818.0,['100M-reviews.csv']
1620522035.5655694,sentiment,804.5,['100-strings.json']
1620522035.8055892,encrypt,6089.5,"['35000.0', '25.0']"
1620522036.7518203,encrypt,212.0,"['1000.0', '25.0']"
1620522037.7622051,mobilenet,2950.0,['1.3M-one_tacky_cup_515072.jpg']
1620522037.9260237,floatmatmult,1397.0,"['matrix1_1000_0.7.txt', 'matrix1_1000_0.7.txt']"
1620522038.068973,imageprocess,1597.0,['6.4M-peacock_butterfly_2_514342.jpg']
1620522038.1985822,videoprocess,6542.0,['5.6M-DLP_PART_2_768k.avi']
1620522038.919295,videoprocess,5612.0,['2.2M-star_trails.avi']
1620522039.0027578,videoprocess,6990.0,['3.8M.mp4']
1620522039.1229148,imageprocess,2248.0,['7.9M-craggy_rock_517201.jpg']
1620522039.603365,mobilenet,3109.0,['6.3M-cafe_coffe_515939.jpg']
1620522040.4541466,imageprocess,1914.5,['1.3M-one_tacky_cup_515072.jpg']
1620522040.6952324,mobilenet,3033.5,['1.4M-leaves_of_grass_515433.jpg']
1620522040.699205,floatmatmult,63443.5,"['matrix1_8000_0.9.txt', 'matrix1_8000_0.9.txt']"
1620522041.8173854,videoprocess,531.0,['820K-cbw3.avi']
1620522042.1927657,sentiment,3266.5,['500-strings.json']
1620522043.6272492,lrtrain,105881.0,['50M-reviews.csv']
1620522044.1993594,linpack,15221.0,['2000.0']
1620522047.877713,floatmatmult,1371.5,"['matrix1_1000_0.5.txt', 'matrix1_1000_0.5.txt']"
1620522048.058544,linpack,7837.5,['1000.0']
1620522048.3376617,videoprocess,397.0,['284K-flame.avi']
1620522048.6555884,imageprocess,2416.0,['6.3M-cafe_coffe_515939.jpg']
1620522048.6580625,videoprocess,4964.0,['2.2M.mp4']
1620522049.134091,linpack,20104.5,['3500.0']
1620522049.2134905,imageprocess,2608.5,['1.4M-leaves_of_grass_515433.jpg']
1620522049.6086466,imageprocess,2262.0,['6.8M-eiffel_ice_516309.jpg']
1620522050.2493842,floatmatmult,1163.0,"['matrix1_1000_0.1.txt', 'matrix1_1000_0.1.txt']"
1620522050.6107063,imageprocess,3225.0,['1.7M-joe_joe_taking_flight_513760.jpg']
1620522051.3752935,floatmatmult,1481.0,"['matrix1_1000_0.9.txt', 'matrix1_1000_0.9.txt']"
1620522051.7568479,lrtrain,15365.0,['10M-reviews.csv']
1620522052.5302076,mobilenet,3159.0,['6.8M-eiffel_ice_516309.jpg']
1620522053.0373292,linpack,29082.05230326295,['7000.0']
1620522053.8626835,floatmatmult,48252.5,"['matrix1_8000_0.1.txt', 'matrix1_8000_0.1.txt']"
1620522054.7793145,videoprocess,814.5,['404K-small.avi']
1620522054.9642956,imageprocess,1821.0,['4.9M-seeing_red_515961.jpg']
1620522056.237179,videoprocess,8385.0,['4.9M.mp4']
1620522056.306044,floatmatmult,31556.0,"['matrix1_6000_0.5.txt', 'matrix1_6000_0.5.txt']"
1620522056.352986,linpack,10546.666986564298,['1500.0']
1620522056.378253,videoprocess,4683.5,['3.8M-lion-sample.avi']
1620522056.879867,lrtrain,47935.0,['20M-reviews.csv']
1620522057.0651946,lrtrain,208818.0,['100M-reviews.csv']
1620522057.0828655,encrypt,2457.0,"['35000.0', '10.0']"
1620522057.328341,mobilenet,3125.5,['1.7M-joe_joe_taking_flight_513760.jpg']
1620522057.4657142,encrypt,410.5,"['500.0', '100.0']"
1620522057.7991607,linpack,6334.079414587332,['250.0']
1620522057.9390588,videoprocess,475.0,['660K-drop.avi']
1620522058.1466043,lrtrain,105881.0,['50M-reviews.csv']
1620522058.6559973,floatmatmult,10375.5,"['matrix1_4000_0.1.txt', 'matrix1_4000_0.1.txt']"
1620522058.9762974,linpack,32452.12236084453,['8000.0']
1620522059.7653265,encrypt,1769.5,"['10000.0', '25.0']"
1620522059.8218167,sentiment,8838.0,['1500-strings.json']
1620522060.4781187,videoprocess,9439.0,['6.1M.mp4']
1620522061.018574,floatmatmult,3300.0,"['matrix1_2000_0.5.txt', 'matrix1_2000_0.5.txt']"
1620522061.6246748,floatmatmult,33575.0,"['matrix1_6000_0.7.txt', 'matrix1_6000_0.7.txt']"
1620522061.8313851,linpack,36696.5,['10000.0']
1620522061.9647646,lrtrain,15365.0,['10M-reviews.csv']
1620522063.0429928,encrypt,5222.0,"['10000.0', '75.0']"
1620522063.9355574,imageprocess,3259.5,['4.2M-praa_sands_2_516054.jpg']
1620522065.0126572,sentiment,17761.5,['3000-strings.json']
1620522065.893867,imageprocess,2076.0,['5.1M-itsthemensworld_514784.jpg']
1620522067.2161098,videoprocess,3078.5,['4.9M-640.avi']
1620522067.2628713,lrtrain,47935.0,['20M-reviews.csv']
1620522068.2828472,imageprocess,1268.0,['4.6M-that_was_the_end_this_is_the_begining_513290.jpg']
1620522069.1041813,sentiment,10701.0,['1750-strings.json']
1620522069.7831044,videoprocess,3086.0,['1008K-grb_2.avi']
1620522070.763022,floatmatmult,59077.5,"['matrix1_8000_0.7.txt', 'matrix1_8000_0.7.txt']"
1620522071.338099,imageprocess,1083.0,['1.8M-deserted_bench_197838.jpg']
1620522071.6307468,floatmatmult,51849.0,"['matrix1_8000_0.3.txt', 'matrix1_8000_0.3.txt']"
1620522071.8693867,linpack,24457.0,['5000.0']
1620522071.9295053,lrtrain,208818.0,['100M-reviews.csv']
1620522071.9357297,sentiment,11671.0,['2000-strings.json']
1620522072.014697,imageprocess,1777.0,['2.4M-venice_in_winter_513381.jpg']
1620522072.1246653,linpack,25711.982245681374,['6000.0']
1620522072.5876873,linpack,18971.842130518235,['4000.0']
1620522073.5569234,linpack,35822.1924184261,['9000.0']
1620522074.2670693,mobilenet,3039.5,['4.9M-seeing_red_515961.jpg']
1620522074.4870565,sentiment,7394.0,['1250-strings.json']
1620522074.6316726,imageprocess,1887.0,['3.4M-glass_chess_2_515415.jpg']
1620522075.7843904,sentiment,14421.0,['2500-strings.json']
1620522076.3351429,videoprocess,17160.5,['11M-SampleVideo_1280x720_10mb.mp4']
1620522076.4076228,sentiment,4663.0,['750-strings.json']
1620522077.1533768,lrtrain,105881.0,['50M-reviews.csv']
1620522079.8492157,floatmatmult,34877.5,"['matrix1_6000_0.9.txt', 'matrix1_6000_0.9.txt']"
1620522079.9119403,mobilenet,3172.5,['4.2M-praa_sands_2_516054.jpg']
1620522080.495694,linpack,13916.737044145872,['2500.0']
1620522080.5641673,lrtrain,15365.0,['10M-reviews.csv']
1620522080.7995148,mobilenet,3018.5,['5.1M-itsthemensworld_514784.jpg']
1620522081.1205943,videoprocess,9070.0,['5.6M.mp4']
1620522081.2035432,linpack,24026.947216890592,['5500.0']
1620522081.4029994,imageprocess,2132.5,['8.2M-my_soul_517211.jpg']
1620522081.6729367,floatmatmult,12201.5,"['matrix1_4000_0.5.txt', 'matrix1_4000_0.5.txt']"
1620522081.714156,encrypt,2116.0,"['10000.0', '30.0']"
1620522082.0492215,lrtrain,47935.0,['20M-reviews.csv']
1620522083.163556,floatmatmult,26583.0,"['matrix1_6000_0.1.txt', 'matrix1_6000_0.1.txt']"
1620522083.6289265,linpack,20656.87715930902,['4500.0']
1620522084.0355005,lrtrain,208818.0,['100M-reviews.csv']
1620522084.5449345,videoprocess,4369.0,['6.1M-720.avi']
1620522084.7334132,linpack,2522.0,['500.0']
1620522084.7722154,linpack,37507.22744721689,['9500.0']
1620522085.8482857,imageprocess,1743.0,['3.7M-south_boston_va_516934.jpg']
1620522086.4965703,imageprocess,2260.0,['5.6M-statue_of_liberty_original_model_version_2_517010.jpg']
1620522087.264957,mobilenet,2924.5,['4.6M-that_was_the_end_this_is_the_begining_513290.jpg']
1620522088.2297854,floatmatmult,3006.0,"['matrix1_2000_0.3.txt', 'matrix1_2000_0.3.txt']"
1620522088.6131313,mobilenet,2979.0,['1.8M-deserted_bench_197838.jpg']
1620522089.000072,imageprocess,931.5,['916K-pollution_2_514607.jpg']
1620522089.2189102,linpack,15601.77207293666,['3000.0']
1620522089.224365,floatmatmult,13297.5,"['matrix1_4000_0.7.txt', 'matrix1_4000_0.7.txt']"
1620522091.7334406,floatmatmult,13819.0,"['matrix1_4000_0.9.txt', 'matrix1_4000_0.9.txt']"
1620522093.6161284,encrypt,577.0,"['1000.0', '75.0']"
1620522093.764331,sentiment,16049.5,['2750-strings.json']
1620522094.9791028,videoprocess,672.0,['1.5M-bird.avi']
1620522095.5161,encrypt,25640.5,"['50000.0', '75.0']"
1620522095.9059339,encrypt,315.0,"['500.0', '75.0']"
1620522096.3219187,linpack,34137.157389635315,['8500.0']
1620522096.3724847,floatmatmult,1281.0,"['matrix1_1000_0.3.txt', 'matrix1_1000_0.3.txt']"
1620522097.6983984,lrtrain,105881.0,['50M-reviews.csv']
1620522098.054432,floatmatmult,29003.0,"['matrix1_6000_0.3.txt', 'matrix1_6000_0.3.txt']"
1620522098.9417143,mobilenet,2930.0,['2.4M-venice_in_winter_513381.jpg']
1620522100.002388,mobilenet,3051.5,['3.4M-glass_chess_2_515415.jpg']
1620522100.2099779,linpack,8019.114443378119,['750.0']
1620522100.251248,floatmatmult,57067.5,"['matrix1_8000_0.5.txt', 'matrix1_8000_0.5.txt']"
1620522100.8393633,videoprocess,6542.0,['5.6M-DLP_PART_2_768k.avi']
1620522101.1021442,floatmatmult,3662.0,"['matrix1_2000_0.9.txt', 'matrix1_2000_0.9.txt']"
1620522101.1593943,encrypt,126.5,"['500.0', '25.0']"
1620522101.720766,imageprocess,2098.5,['5.7M-forest_floor_515925.jpg']
1620522101.9020257,mobilenet,3084.5,['8.2M-my_soul_517211.jpg']
1620522102.5117793,mobilenet,3069.0,['3.7M-south_boston_va_516934.jpg']
1620522103.1282237,imageprocess,1587.0,['2.5M-feliz_quinta_flower_513506.jpg']
1620522103.7564037,linpack,31019.5,['7500.0']
1620522104.2628648,floatmatmult,11399.0,"['matrix1_4000_0.3.txt', 'matrix1_4000_0.3.txt']"
1620522104.5972474,encrypt,8655.0,"['50000.0', '25.0']"
1620522104.899314,linpack,27397.017274472164,['6500.0']
1620522106.470283,linpack,15221.0,['2000.0']
1620522106.9348345,lrtrain,15365.0,['10M-reviews.csv']
1620522106.976256,encrypt,3488.5,"['10000.0', '50.0']"
1620522108.0053365,imageprocess,2369.0,['1.6M-white_tulips_514483.jpg']
1620522108.5894613,imageprocess,1517.5,['2.5M-fashion_cupcakes_513638.jpg']
1620522108.6850393,sentiment,6034.0,['1000-strings.json']
1620522109.1692016,floatmatmult,3588.0,"['matrix1_2000_0.7.txt', 'matrix1_2000_0.7.txt']"
1620522109.4617205,encrypt,3549.0,"['5000.0', '100.0']"
1620522109.5814495,mobilenet,3015.5,['5.6M-statue_of_liberty_original_model_version_2_517010.jpg']
1620522109.8123524,linpack,7837.5,['1000.0']
1620522110.3499234,encrypt,3518.5,"['50000.0', '10.0']"
1620522110.8974721,floatmatmult,2736.0,"['matrix1_2000_0.1.txt', 'matrix1_2000_0.1.txt']"
1620522111.0160334,videoprocess,5612.0,['2.2M-star_trails.avi']
1620522111.4043732,linpack,20104.5,['3500.0']
1620522111.7068892,sentiment,1786.5,['250-strings.json']
1620522111.8512745,videoprocess,6990.0,['3.8M.mp4']
1620522112.633609,sentiment,521.0,['50-strings.json']
1620522112.9529765,sentiment,12872.0,['2250-strings.json']
1620522113.1185284,imageprocess,1341.5,['7.8M-heavy_snow_2_516009.jpg']
1620522113.5607593,mobilenet,2889.5,['916K-pollution_2_514607.jpg']
1620522113.8591623,sentiment,804.5,['100-strings.json']
1620522115.0915241,encrypt,6981.0,"['10000.0', '100.0']"
1620522115.2854264,floatmatmult,1397.0,"['matrix1_1000_0.7.txt', 'matrix1_1000_0.7.txt']"
1620522115.3351557,linpack,29082.05230326295,['7000.0']
1620522115.750538,sentiment,3266.5,['500-strings.json']
1620522115.925735,videoprocess,531.0,['820K-cbw3.avi']
1620522116.4705255,lrtrain,47935.0,['20M-reviews.csv']
1620522116.608364,mobilenet,3055.5,['5.7M-forest_floor_515925.jpg']
1620522116.9027374,sentiment,8838.0,['1500-strings.json']
1620522117.347872,encrypt,2701.0,"['5000.0', '75.0']"
1620522117.8629243,imageprocess,2471.0,['4.0M-quotfrench_lacequot_rose_516786.jpg']
1620522117.9516451,imageprocess,1081.5,['952K-iris_and_daisies_2_194935.jpg']
1620522120.062478,lrtrain,208818.0,['100M-reviews.csv']
1620522120.065758,mobilenet,2982.5,['2.5M-feliz_quinta_flower_513506.jpg']
1620522120.1239288,sentiment,17761.5,['3000-strings.json']
1620522120.4160457,sentiment,10701.0,['1750-strings.json']
1620522120.4465609,videoprocess,397.0,['284K-flame.avi']
1620522120.5158136,encrypt,757.0,"['1000.0', '100.0']"
1620522121.1611595,videoprocess,4964.0,['2.2M.mp4']
1620522121.8393886,linpack,10546.666986564298,['1500.0']
1620522122.535918,linpack,6334.079414587332,['250.0']
1620522122.7053485,floatmatmult,63443.5,"['matrix1_8000_0.9.txt', 'matrix1_8000_0.9.txt']"
1620522123.7129204,floatmatmult,1371.5,"['matrix1_1000_0.5.txt', 'matrix1_1000_0.5.txt']"
1620522124.4296196,sentiment,11671.0,['2000-strings.json']
1620522125.9159856,floatmatmult,1163.0,"['matrix1_1000_0.1.txt', 'matrix1_1000_0.1.txt']"
1620522125.9517674,videoprocess,814.5,['404K-small.avi']
1620522126.0994155,lrtrain,105881.0,['50M-reviews.csv']
1620522126.7523081,lrtrain,15365.0,['10M-reviews.csv']
1620522126.7966902,linpack,32452.12236084453,['8000.0']
1620522127.533433,videoprocess,8385.0,['4.9M.mp4']
1620522128.322827,linpack,36696.5,['10000.0']
1620522129.2170637,mobilenet,3033.0,['1.6M-white_tulips_514483.jpg']
1620522129.3275578,linpack,24457.0,['5000.0']
1620522129.4721744,mobilenet,2957.0,['2.5M-fashion_cupcakes_513638.jpg']
1620522129.5329006,lrtrain,47935.0,['20M-reviews.csv']
1620522130.1572669,lrtrain,208818.0,['100M-reviews.csv']
1620522130.7650113,lrtrain,105881.0,['50M-reviews.csv']
1620522131.5103152,mobilenet,3075.0,['7.8M-heavy_snow_2_516009.jpg']
1620522132.8811927,videoprocess,4683.5,['3.8M-lion-sample.avi']
1620522132.976999,floatmatmult,1481.0,"['matrix1_1000_0.9.txt', 'matrix1_1000_0.9.txt']"
1620522133.770795,mobilenet,3116.0,['4.0M-quotfrench_lacequot_rose_516786.jpg']
1620522134.2331316,lrtrain,15365.0,['10M-reviews.csv']
1620522134.4735842,videoprocess,475.0,['660K-drop.avi']
1620522135.281786,videoprocess,9439.0,['6.1M.mp4']
1620522135.3370516,sentiment,7394.0,['1250-strings.json']
1620522135.7962565,linpack,25711.982245681374,['6000.0']
1620522135.8535786,mobilenet,2946.5,['952K-iris_and_daisies_2_194935.jpg']
1620522136.0326343,imageprocess,1522.0,['1.3M-pigeon_2_197296.jpg']
1620522136.5752728,mobilenet,2984.5,['1.3M-pigeon_2_197296.jpg']
1620522137.4131773,sentiment,14421.0,['2500-strings.json']
1620522139.6394215,linpack,18971.842130518235,['4000.0']
1620522139.6698651,encrypt,223.0,"['500.0', '50.0']"
1620522139.717114,videoprocess,3078.5,['4.9M-640.avi']
1620522140.0750878,floatmatmult,48252.5,"['matrix1_8000_0.1.txt', 'matrix1_8000_0.1.txt']"
1620522140.3730443,videoprocess,3086.0,['1008K-grb_2.avi']
1620522141.5464349,sentiment,4663.0,['750-strings.json']
1620522142.3218932,floatmatmult,31556.0,"['matrix1_6000_0.5.txt', 'matrix1_6000_0.5.txt']"
1620522142.3959668,videoprocess,17160.5,['11M-SampleVideo_1280x720_10mb.mp4']
1620522143.0923169,encrypt,385.5,"['5000.0', '10.0']"
1620522143.2001302,encrypt,23943.5,"['35000.0', '100.0']"
1620522143.2930174,mobilenet,3069.0,['9.2M-rose_2_514080.jpg']
1620522143.3539972,lrtrain,47935.0,['20M-reviews.csv']
1620522143.799578,encrypt,17921.0,"['35000.0', '75.0']"
1620522143.9265423,sentiment,16049.5,['2750-strings.json']
1620522143.9623015,mobilenet,2952.0,['3.0M-french_fries_516538.jpg']
1620522144.0054252,sentiment,6034.0,['1000-strings.json']
1620522144.38116,sentiment,1786.5,['250-strings.json']
1620522144.3859138,sentiment,521.0,['50-strings.json']
1620522144.5721347,encrypt,34271.5,"['50000.0', '100.0']"
1620522144.945902,mobilenet,3081.0,['2.9M-water_splash_515404.jpg']
1620522144.9662378,linpack,35822.1924184261,['9000.0']
1620522145.0843081,lrtrain,208818.0,['100M-reviews.csv']
1620522145.5606515,imageprocess,1616.0,['9.2M-rose_2_514080.jpg']
1620522145.906954,linpack,13916.737044145872,['2500.0']
1620522145.9340487,mobilenet,3209.5,['17M-week_2_majestic_rock_514665.jpg']
1620522145.9717247,sentiment,12872.0,['2250-strings.json']
1620522146.010257,mobilenet,3160.0,['5.9M-camping_516859.jpg']
1620522147.4365091,floatmatmult,10375.5,"['matrix1_4000_0.1.txt', 'matrix1_4000_0.1.txt']"
1620522149.468933,lrtrain,105881.0,['50M-reviews.csv']
1620522150.551677,encrypt,17276.5,"['50000.0', '50.0']"
1620522152.1921544,sentiment,804.5,['100-strings.json']
1620522155.6294317,lrtrain,15365.0,['10M-reviews.csv']
1620522155.6400397,lrtrain,47935.0,['20M-reviews.csv']
1620522155.857013,floatmatmult,3300.0,"['matrix1_2000_0.5.txt', 'matrix1_2000_0.5.txt']"
1620522156.2994356,encrypt,80.5,"['500.0', '10.0']"
1620522157.8195622,sentiment,3266.5,['500-strings.json']
1620522157.8395047,lrtrain,208818.0,['100M-reviews.csv']
1620522157.8829265,lrtrain,105881.0,['50M-reviews.csv']
1620522158.3912082,linpack,24026.947216890592,['5500.0']
1620522159.1074088,lrtrain,15365.0,['10M-reviews.csv']
1620522159.7039857,mobilenet,2969.0,['3.2M-heathcote_515292.jpg']
1620522160.8678868,mobilenet,2951.0,['1.8M-opera_2_199207.jpg']
1620522160.949067,encrypt,10401.0,"['50000.0', '30.0']"
1620522161.081977,mobilenet,3007.0,['1.9M-walk_away_517169.jpg']
1620522161.1173642,linpack,20656.87715930902,['4500.0']
1620522161.1993155,linpack,2522.0,['500.0']
1620522161.7800555,linpack,37507.22744721689,['9500.0']
1620522161.962899,encrypt,398.0,"['1000.0', '50.0']"
1620522163.3444428,imageprocess,1222.5,['3.0M-french_fries_516538.jpg']
1620522164.0290985,imageprocess,1820.0,['2.9M-water_splash_515404.jpg']
1620522164.3106477,floatmatmult,33575.0,"['matrix1_6000_0.7.txt', 'matrix1_6000_0.7.txt']"
1620522165.0502996,lrtrain,47935.0,['20M-reviews.csv']
1620522165.4582858,sentiment,8838.0,['1500-strings.json']
1620522166.0369205,encrypt,1088.5,"['5000.0', '30.0']"
1620522166.6509778,sentiment,17761.5,['3000-strings.json']
1620522168.064881,videoprocess,9070.0,['5.6M.mp4']
1620522168.170798,mobilenet,3338.0,['18M-sand_dunes_nightlife_516040.jpg']
1620522168.80989,videoprocess,4369.0,['6.1M-720.avi']
1620522169.8627727,floatmatmult,59077.5,"['matrix1_8000_0.7.txt', 'matrix1_8000_0.7.txt']"
1620522170.1343653,linpack,15601.77207293666,['3000.0']
1620522171.1913905,sentiment,10701.0,['1750-strings.json']
1620522171.422204,sentiment,11671.0,['2000-strings.json']
1620522171.6774027,videoprocess,672.0,['1.5M-bird.avi']
1620522171.9458508,floatmatmult,51849.0,"['matrix1_8000_0.3.txt', 'matrix1_8000_0.3.txt']"
1620522172.8328354,encrypt,104.0,"['1000.0', '10.0']"
1620522173.4187572,encrypt,739.0,"['10000.0', '10.0']"
1620522175.4748657,imageprocess,2099.0,['17M-week_2_majestic_rock_514665.jpg']
1620522176.1076279,linpack,34137.157389635315,['8500.0']
1620522176.1345196,videoprocess,6542.0,['5.6M-DLP_PART_2_768k.avi']
1620522176.2783954,sentiment,7394.0,['1250-strings.json']
1620522176.954005,linpack,8019.114443378119,['750.0']
1620522177.303408,encrypt,1793.5,"['5000.0', '50.0']"
1620522178.6785889,mobilenet,2912.5,['2.4M-autumn_trees_2_194901.jpg']
1620522179.2973995,videoprocess,5612.0,['2.2M-star_trails.avi']
1620522180.1074927,linpack,31019.5,['7500.0']
1620522180.3571787,lrtrain,208818.0,['100M-reviews.csv']
1620522180.6682913,lrtrain,105881.0,['50M-reviews.csv']
1620522182.3691916,linpack,27397.017274472164,['6500.0']
1620522183.0166478,encrypt,250.0,"['1000.0', '30.0']"
1620522183.2862704,sentiment,14421.0,['2500-strings.json']
1620522183.301393,encrypt,11929.5,"['35000.0', '50.0']"
1620522183.3900971,encrypt,145.5,"['500.0', '30.0']"
1620522183.449313,videoprocess,6990.0,['3.8M.mp4']
1620522183.5180297,linpack,15221.0,['2000.0']
1620522183.9291272,sentiment,4663.0,['750-strings.json']
1620522184.8083646,linpack,7837.5,['1000.0']
1620522184.8516681,mobilenet,3124.5,['3.8M-sunset_and_evening_2_of_2_515480.jpg']
1620522185.5874705,sentiment,16049.5,['2750-strings.json']
1620522185.7031636,sentiment,6034.0,['1000-strings.json']
1620522186.405375,mobilenet,2999.5,['4.5M-more_toys_514506.jpg']
1620522186.6032495,lrtrain,15365.0,['10M-reviews.csv']
1620522186.9551744,linpack,20104.5,['3500.0']
1620522187.0536404,mobilenet,3626.0,['13M-st_basils_cathedral_2_516323.jpg']
1620522187.4897435,floatmatmult,34877.5,"['matrix1_6000_0.9.txt', 'matrix1_6000_0.9.txt']"
1620522187.7609904,imageprocess,3049.5,['5.9M-camping_516859.jpg']
1620522188.8476434,videoprocess,531.0,['820K-cbw3.avi']
1620522189.6463523,lrtrain,47935.0,['20M-reviews.csv']
1620522190.2473485,lrtrain,208818.0,['100M-reviews.csv']
1620522190.7708488,sentiment,1786.5,['250-strings.json']
1620522191.3745468,floatmatmult,12201.5,"['matrix1_4000_0.5.txt', 'matrix1_4000_0.5.txt']"
1620522191.5774436,floatmatmult,26583.0,"['matrix1_6000_0.1.txt', 'matrix1_6000_0.1.txt']"
1620522191.8358705,mobilenet,3077.0,['4.7M-cape_daisy_2_514383.jpg']
1620522192.2506216,linpack,29082.05230326295,['7000.0']
1620522192.4156878,lrtrain,105881.0,['50M-reviews.csv']
1620522192.4175365,sentiment,521.0,['50-strings.json']
1620522192.4749088,imageprocess,1167.5,['3.2M-heathcote_515292.jpg']
1620522193.9146821,sentiment,12872.0,['2250-strings.json']
1620522194.5464237,imageprocess,1759.0,['1.8M-opera_2_199207.jpg']
1620522194.887666,lrtrain,15365.0,['10M-reviews.csv']
1620522195.053656,videoprocess,397.0,['284K-flame.avi']
1620522195.0858216,videoprocess,4964.0,['2.2M.mp4']
1620522195.7102432,floatmatmult,3006.0,"['matrix1_2000_0.3.txt', 'matrix1_2000_0.3.txt']"
1620522195.7681804,videoprocess,814.5,['404K-small.avi']
1620522195.8301299,sentiment,804.5,['100-strings.json']
1620522196.1888497,sentiment,3266.5,['500-strings.json']
1620522196.2228508,mobilenet,2984.0,['3.9M-mouettes_seagulls_514235.jpg']
1620522197.1740627,lrtrain,47935.0,['20M-reviews.csv']
1620522197.2117352,videoprocess,8385.0,['4.9M.mp4']
1620522197.4398034,encrypt,921.0,"['5000.0', '25.0']"
1620522197.584923,floatmatmult,13297.5,"['matrix1_4000_0.7.txt', 'matrix1_4000_0.7.txt']"
1620522199.8581352,videoprocess,4683.5,['3.8M-lion-sample.avi']
1620522200.5556514,linpack,10546.666986564298,['1500.0']
1620522200.6981778,floatmatmult,13819.0,"['matrix1_4000_0.9.txt', 'matrix1_4000_0.9.txt']"
1620522201.4112484,linpack,6334.079414587332,['250.0']
1620522201.6679015,videoprocess,475.0,['660K-drop.avi']
1620522201.6813364,sentiment,8838.0,['1500-strings.json']
1620522202.3261542,sentiment,17761.5,['3000-strings.json']
1620522203.4759364,lrtrain,208818.0,['100M-reviews.csv']
1620522203.5863435,videoprocess,9439.0,['6.1M.mp4']
1620522205.699898,sentiment,10701.0,['1750-strings.json']
1620522206.5547044,lrtrain,105881.0,['50M-reviews.csv']
1620522206.6039035,videoprocess,3078.5,['4.9M-640.avi']
1620522206.6204054,mobilenet,2983.0,['4.5M-hunting_a_toy_514521.jpg']
1620522206.9068985,videoprocess,3086.0,['1008K-grb_2.avi']
1620522207.045917,floatmatmult,1281.0,"['matrix1_1000_0.3.txt', 'matrix1_1000_0.3.txt']"
1620522207.1908033,lrtrain,15365.0,['10M-reviews.csv']
1620522207.6773353,mobilenet,3114.5,['4.3M-sunset_and_evening_1_of_2_515486.jpg']
1620522207.8745966,linpack,32452.12236084453,['8000.0']
1620522207.9622588,linpack,36696.5,['10000.0']
1620522208.5943995,videoprocess,17160.5,['11M-SampleVideo_1280x720_10mb.mp4']
1620522208.9671688,mobilenet,3053.5,['7.8M-26365_kitty_515094.jpg']
1620522209.1668725,lrtrain,47935.0,['20M-reviews.csv']
1620522209.730925,videoprocess,9070.0,['5.6M.mp4']
1620522210.0991485,mobilenet,2941.0,['5.7M-winter_in_leeds_513733.jpg']
1620522210.345052,lrtrain,208818.0,['100M-reviews.csv']
1620522211.5648856,imageprocess,1738.0,['1.9M-walk_away_517169.jpg']
1620522212.4899256,lrtrain,105881.0,['50M-reviews.csv']
1620522213.1685915,floatmatmult,29003.0,"['matrix1_6000_0.3.txt', 'matrix1_6000_0.3.txt']"
1620522213.593538,videoprocess,4369.0,['6.1M-720.avi']
1620522214.236419,sentiment,11671.0,['2000-strings.json']
1620522215.1310172,sentiment,7394.0,['1250-strings.json']
1620522215.3654897,floatmatmult,57067.5,"['matrix1_8000_0.5.txt', 'matrix1_8000_0.5.txt']"
1620522215.5768282,linpack,24457.0,['5000.0']
1620522217.2621293,encrypt,7234.5,"['35000.0', '30.0']"
1620522218.396345,sentiment,14421.0,['2500-strings.json']
1620522219.3943696,imageprocess,2560.0,['18M-sand_dunes_nightlife_516040.jpg']
1620522219.5470726,lrtrain,15365.0,['10M-reviews.csv']
1620522219.684666,linpack,25711.982245681374,['6000.0']
1620522219.8477814,mobilenet,3472.5,['30M-river_landscape_515440.jpg']
1620522220.1316004,linpack,18971.842130518235,['4000.0']
1620522221.2113388,mobilenet,2997.5,['6.1M-simple_landscape_2_515009.jpg']
1620522221.4725606,encrypt,6089.5,"['35000.0', '25.0']"
1620522222.1423986,lrtrain,47935.0,['20M-reviews.csv']
1620522222.3960242,floatmatmult,3662.0,"['matrix1_2000_0.9.txt', 'matrix1_2000_0.9.txt']"
1620522222.805489,imageprocess,1095.0,['2.4M-autumn_trees_2_194901.jpg']
1620522223.4743507,floatmatmult,11399.0,"['matrix1_4000_0.3.txt', 'matrix1_4000_0.3.txt']"
1620522223.6763391,floatmatmult,3588.0,"['matrix1_2000_0.7.txt', 'matrix1_2000_0.7.txt']"
1620522224.8110204,videoprocess,672.0,['1.5M-bird.avi']
1620522225.582104,mobilenet,3089.0,['5.6M-pink_sorrel_515688.jpg']
1620522225.8179228,mobilenet,3360.0,['13M-forest_515915.jpg']
1620522225.8837485,floatmatmult,2736.0,"['matrix1_2000_0.1.txt', 'matrix1_2000_0.1.txt']"
1620522226.0890095,floatmatmult,1397.0,"['matrix1_1000_0.7.txt', 'matrix1_1000_0.7.txt']"
1620522226.3582058,floatmatmult,63443.5,"['matrix1_8000_0.9.txt', 'matrix1_8000_0.9.txt']"
1620522226.6528964,videoprocess,6542.0,['5.6M-DLP_PART_2_768k.avi']
1620522226.9637368,floatmatmult,1371.5,"['matrix1_1000_0.5.txt', 'matrix1_1000_0.5.txt']"
1620522228.0348613,encrypt,212.0,"['1000.0', '25.0']"
1620522228.0644674,sentiment,4663.0,['750-strings.json']
1620522229.3253798,imageprocess,2589.5,['3.8M-sunset_and_evening_2_of_2_515480.jpg']
1620522229.6896465,videoprocess,5612.0,['2.2M-star_trails.avi']
1620522229.6981544,lrtrain,208818.0,['100M-reviews.csv']
1620522230.6296856,sentiment,16049.5,['2750-strings.json']
1620522231.5625036,lrtrain,105881.0,['50M-reviews.csv']
1620522231.7704706,floatmatmult,1163.0,"['matrix1_1000_0.1.txt', 'matrix1_1000_0.1.txt']"
1620522232.0953403,linpack,35822.1924184261,['9000.0']
1620522233.4357107,lrtrain,15365.0,['10M-reviews.csv']
1620522233.4745443,floatmatmult,1481.0,"['matrix1_1000_0.9.txt', 'matrix1_1000_0.9.txt']"
1620522233.8051436,mobilenet,2996.5,['4.5M-forest_513174.jpg']
1620522234.0537121,lrtrain,47935.0,['20M-reviews.csv']
1620522234.7643034,videoprocess,6990.0,['3.8M.mp4']
1620522235.1914966,imageprocess,1244.5,['4.5M-more_toys_514506.jpg']
1620522235.469566,mobilenet,3065.0,['6.1M-fire_514822.jpg']
1620522235.5878232,lrtrain,208818.0,['100M-reviews.csv']
1620522235.5982635,mobilenet,3055.5,['6.2M-dark_city_513227.jpg']
1620522235.7031152,floatmatmult,48252.5,"['matrix1_8000_0.1.txt', 'matrix1_8000_0.1.txt']"
1620522236.0259268,mobilenet,2947.5,['3.5M-standing_restrictions_explored_14th_january_2013_46_513166.jpg']
1620522236.3706503,linpack,13916.737044145872,['2500.0']
1620522236.81161,linpack,24026.947216890592,['5500.0']
1620522238.3859065,floatmatmult,31556.0,"['matrix1_6000_0.5.txt', 'matrix1_6000_0.5.txt']"
1620522238.6228185,linpack,20656.87715930902,['4500.0']
1620522238.6303403,encrypt,2457.0,"['35000.0', '10.0']"
1620522239.3991392,imageprocess,2462.0,['13M-st_basils_cathedral_2_516323.jpg']
1620522240.0491726,mobilenet,2976.0,['1.3M-daisy_514381.jpg']
1620522240.1915412,linpack,2522.0,['500.0']
1620522240.5407064,sentiment,6034.0,['1000-strings.json']
1620522241.817451,sentiment,1786.5,['250-strings.json']
1620522243.5530982,encrypt,410.5,"['500.0', '100.0']"
1620522244.3702574,floatmatmult,10375.5,"['matrix1_4000_0.1.txt', 'matrix1_4000_0.1.txt']"
1620522244.566785,lrtrain,105881.0,['50M-reviews.csv']
1620522245.2355278,mobilenet,3068.0,['5.7M-yantra_river_514678.jpg']
1620522246.8226466,videoprocess,531.0,['820K-cbw3.avi']
1620522246.9611595,linpack,37507.22744721689,['9500.0']
1620522247.0139062,encrypt,1769.5,"['10000.0', '25.0']"
1620522247.5296974,sentiment,521.0,['50-strings.json']
1620522248.4613936,sentiment,12872.0,['2250-strings.json']
1620522248.6850164,sentiment,804.5,['100-strings.json']
1620522249.1291962,floatmatmult,3300.0,"['matrix1_2000_0.5.txt', 'matrix1_2000_0.5.txt']"
1620522249.2787085,linpack,15601.77207293666,['3000.0']
1620522249.879459,linpack,34137.157389635315,['8500.0']
1620522250.0186203,imageprocess,1841.5,['4.7M-cape_daisy_2_514383.jpg']
1620522250.0977695,encrypt,5222.0,"['10000.0', '75.0']"
1620522250.7225626,linpack,8019.114443378119,['750.0']
1620522251.5255632,encrypt,2116.0,"['10000.0', '30.0']"
1620522251.9105163,lrtrain,15365.0,['10M-reviews.csv']
1620522252.1683226,floatmatmult,33575.0,"['matrix1_6000_0.7.txt', 'matrix1_6000_0.7.txt']"
1620522252.345363,sentiment,3266.5,['500-strings.json']
1620522252.7447038,sentiment,8838.0,['1500-strings.json']
1620522253.66867,sentiment,17761.5,['3000-strings.json']
1620522254.0309806,lrtrain,47935.0,['20M-reviews.csv']
1620522254.741178,imageprocess,1450.5,['3.9M-mouettes_seagulls_514235.jpg']
1620522255.0217168,linpack,31019.5,['7500.0']
1620522255.038195,sentiment,10701.0,['1750-strings.json']
1620522255.0742776,imageprocess,1671.5,['4.5M-hunting_a_toy_514521.jpg']
1620522255.2890105,lrtrain,208818.0,['100M-reviews.csv']
1620522256.2249494,videoprocess,397.0,['284K-flame.avi']
1620522256.4892936,imageprocess,2934.5,['4.3M-sunset_and_evening_1_of_2_515486.jpg']
1620522256.8219218,lrtrain,105881.0,['50M-reviews.csv']
1620522257.186434,linpack,27397.017274472164,['6500.0']
1620522257.2492917,linpack,15221.0,['2000.0']
1620522257.8015733,sentiment,11671.0,['2000-strings.json']
1620522257.9833426,imageprocess,1640.5,['7.8M-26365_kitty_515094.jpg']
1620522260.1842008,imageprocess,1073.5,['5.7M-winter_in_leeds_513733.jpg']
1620522261.164309,encrypt,577.0,"['1000.0', '75.0']"
1620522261.3194163,imageprocess,3441.5,['30M-river_landscape_515440.jpg']
1620522262.0575886,sentiment,7394.0,['1250-strings.json']
1620522262.6035995,floatmatmult,59077.5,"['matrix1_8000_0.7.txt', 'matrix1_8000_0.7.txt']"
1620522262.7391233,linpack,7837.5,['1000.0']
1620522263.733791,imageprocess,1482.0,['6.1M-simple_landscape_2_515009.jpg']
1620522263.823783,floatmatmult,51849.0,"['matrix1_8000_0.3.txt', 'matrix1_8000_0.3.txt']"
1620522264.128297,encrypt,25640.5,"['50000.0', '75.0']"
1620522264.2334495,sentiment,14421.0,['2500-strings.json']
1620522265.0051658,videoprocess,4964.0,['2.2M.mp4']
1620522265.3231487,encrypt,315.0,"['500.0', '75.0']"
1620522265.6102953,lrtrain,15365.0,['10M-reviews.csv']
1620522265.7753727,mobilenet,2983.0,['4.6M-german_air_force_a340_3001602_517125.jpg']
1620522266.065966,imageprocess,2262.5,['5.6M-pink_sorrel_515688.jpg']
1620522266.1175163,floatmatmult,34877.5,"['matrix1_6000_0.9.txt', 'matrix1_6000_0.9.txt']"
1620522266.3335361,videoprocess,814.5,['404K-small.avi']
1620522266.527238,imageprocess,4576.5,['13M-forest_515915.jpg']
1620522266.930466,encrypt,126.5,"['500.0', '25.0']"
1620522268.0186892,linpack,20104.5,['3500.0']
1620522268.1074002,imageprocess,1498.0,['4.5M-forest_513174.jpg']
1620522268.480201,sentiment,4663.0,['750-strings.json']
1620522269.0823677,sentiment,16049.5,['2750-strings.json']
1620522269.229042,sentiment,6034.0,['1000-strings.json']
1620522269.4436185,linpack,29082.05230326295,['7000.0']
1620522269.8867402,linpack,10546.666986564298,['1500.0']
1620522270.0074544,videoprocess,8385.0,['4.9M.mp4']
1620522270.035581,mobilenet,3054.0,['4.1M-backlit_flower_513144.jpg']
1620522271.1736894,videoprocess,4683.5,['3.8M-lion-sample.avi']
1620522271.3516102,imageprocess,1821.0,['6.1M-fire_514822.jpg']
1620522271.4754324,imageprocess,1697.0,['6.2M-dark_city_513227.jpg']
1620522272.9963808,floatmatmult,12201.5,"['matrix1_4000_0.5.txt', 'matrix1_4000_0.5.txt']"
1620522273.3021743,sentiment,1786.5,['250-strings.json']
1620522273.3057597,imageprocess,1387.0,['3.5M-standing_restrictions_explored_14th_january_2013_46_513166.jpg']
1620522273.511506,mobilenet,3007.0,['2.5M-red_velvet_514717.jpg']
1620522273.8937798,lrtrain,47935.0,['20M-reviews.csv']
1620522274.0237987,sentiment,521.0,['50-strings.json']
1620522274.2162669,linpack,6334.079414587332,['250.0']
1620522274.8853507,floatmatmult,26583.0,"['matrix1_6000_0.1.txt', 'matrix1_6000_0.1.txt']"
1620522275.3357813,imageprocess,1487.5,['1.3M-daisy_514381.jpg']
1620522275.43683,floatmatmult,3006.0,"['matrix1_2000_0.3.txt', 'matrix1_2000_0.3.txt']"
1620522275.5187666,sentiment,12872.0,['2250-strings.json']
1620522275.7427785,sentiment,804.5,['100-strings.json']
1620522275.820615,lrtrain,208818.0,['100M-reviews.csv']
1620522276.0292027,encrypt,8655.0,"['50000.0', '25.0']"
1620522278.0026708,mobilenet,2964.5,['1.4M-sunset_river_514676.jpg']
1620522278.0188768,imageprocess,1479.0,['5.7M-yantra_river_514678.jpg']
1620522278.097075,encrypt,3488.5,"['10000.0', '50.0']"
1620522278.3223438,lrtrain,105881.0,['50M-reviews.csv']
1620522278.8596525,linpack,32452.12236084453,['8000.0']
1620522279.5832276,mobilenet,3515.0,['28M-the_river_514681.jpg']
1620522280.0097067,lrtrain,15365.0,['10M-reviews.csv']
1620522280.4218554,imageprocess,1503.5,['4.6M-german_air_force_a340_3001602_517125.jpg']
1620522280.491922,linpack,36696.5,['10000.0']
1620522280.7659047,floatmatmult,13297.5,"['matrix1_4000_0.7.txt', 'matrix1_4000_0.7.txt']"
1620522280.8578541,mobilenet,2974.5,['4.0M-hi_there_513531.jpg']
1620522281.2597656,sentiment,3266.5,['500-strings.json']
1620522282.4734802,floatmatmult,13819.0,"['matrix1_4000_0.9.txt', 'matrix1_4000_0.9.txt']"
1620522283.2134128,videoprocess,475.0,['660K-drop.avi']
1620522283.298614,imageprocess,2038.5,['4.1M-backlit_flower_513144.jpg']
1620522284.10075,lrtrain,47935.0,['20M-reviews.csv']
1620522284.4679132,lrtrain,208818.0,['100M-reviews.csv']
1620522285.3973296,floatmatmult,1281.0,"['matrix1_1000_0.3.txt', 'matrix1_1000_0.3.txt']"
1620522286.1859474,videoprocess,9439.0,['6.1M.mp4']
1620522286.2895482,sentiment,8838.0,['1500-strings.json']
1620522286.8229952,videoprocess,3078.5,['4.9M-640.avi']
1620522287.387266,videoprocess,3086.0,['1008K-grb_2.avi']
1620522287.5868561,lrtrain,105881.0,['50M-reviews.csv']
1620522288.4080896,mobilenet,3400.5,['12M-disabled_fashion_513292.jpg']
1620522288.701619,mobilenet,3382.5,['7.4M-ford_gt_35_15_516157.jpg']
1620522288.9490123,videoprocess,17160.5,['11M-SampleVideo_1280x720_10mb.mp4']
1620522289.1889691,mobilenet,2980.5,['1.6M-lisbon_sunset_514529.jpg']
1620522289.946172,mobilenet,2992.5,['6.4M-peacock_butterfly_2_514342.jpg']
1620522290.3946955,imageprocess,1334.0,['2.5M-red_velvet_514717.jpg']
1620522290.4227765,mobilenet,3112.0,['7.9M-craggy_rock_517201.jpg']
1620522290.4244187,imageprocess,1294.0,['1.4M-sunset_river_514676.jpg']
1620522290.689286,encrypt,3549.0,"['5000.0', '100.0']"
1620522291.8490107,mobilenet,2950.0,['1.3M-one_tacky_cup_515072.jpg']
1620522292.67592,mobilenet,3109.0,['6.3M-cafe_coffe_515939.jpg']
1620522292.7251487,encrypt,3518.5,"['50000.0', '10.0']"
1620522293.293055,imageprocess,4161.5,['28M-the_river_514681.jpg']
1620522293.623626,encrypt,6981.0,"['10000.0', '100.0']"
1620522294.0219548,floatmatmult,29003.0,"['matrix1_6000_0.3.txt', 'matrix1_6000_0.3.txt']"
1620522294.1426857,imageprocess,1472.0,['4.0M-hi_there_513531.jpg']
1620522294.7407143,mobilenet,3033.5,['1.4M-leaves_of_grass_515433.jpg']
1620522295.0265825,linpack,24457.0,['5000.0']
1620522295.4770315,encrypt,2701.0,"['5000.0', '75.0']"
1620522296.046123,linpack,25711.982245681374,['6000.0']
1620522297.1091173,imageprocess,4037.0,['12M-disabled_fashion_513292.jpg']
1620522298.44995,linpack,18971.842130518235,['4000.0']
1620522299.0670369,sentiment,17761.5,['3000-strings.json']
1620522299.2086606,linpack,35822.1924184261,['9000.0']
1620522299.733295,mobilenet,3159.0,['6.8M-eiffel_ice_516309.jpg']
1620522301.0876255,encrypt,757.0,"['1000.0', '100.0']"
1620522302.121181,videoprocess,9070.0,['5.6M.mp4']
1620522302.980929,sentiment,10701.0,['1750-strings.json']
1620522303.1007853,floatmatmult,57067.5,"['matrix1_8000_0.5.txt', 'matrix1_8000_0.5.txt']"
1620522303.1473217,encrypt,223.0,"['500.0', '50.0']"
1620522303.8534436,mobilenet,3125.5,['1.7M-joe_joe_taking_flight_513760.jpg']
1620522304.400083,imageprocess,2697.5,['7.4M-ford_gt_35_15_516157.jpg']
1620522305.561103,mobilenet,3039.5,['4.9M-seeing_red_515961.jpg']
1620522306.1652136,imageprocess,1211.0,['1.6M-lisbon_sunset_514529.jpg']
1620522306.5658755,mobilenet,3172.5,['4.2M-praa_sands_2_516054.jpg']
1620522306.7825923,mobilenet,3018.5,['5.1M-itsthemensworld_514784.jpg']
1620522307.2072523,floatmatmult,3662.0,"['matrix1_2000_0.9.txt', 'matrix1_2000_0.9.txt']"
1620522308.006545,lrtrain,15365.0,['10M-reviews.csv']
1620522310.0649204,encrypt,385.5,"['5000.0', '10.0']"
1620522310.541139,linpack,13916.737044145872,['2500.0']
1620522311.5411096,encrypt,23943.5,"['35000.0', '100.0']"
1620522311.8172035,videoprocess,4369.0,['6.1M-720.avi']
1620522311.9091601,mobilenet,2924.5,['4.6M-that_was_the_end_this_is_the_begining_513290.jpg']
1620522313.3314717,sentiment,11671.0,['2000-strings.json']
1620522313.8331833,linpack,24026.947216890592,['5500.0']
1620522313.8422196,sentiment,7394.0,['1250-strings.json']
1620522314.362087,encrypt,17921.0,"['35000.0', '75.0']"
1620522315.9365878,videoprocess,672.0,['1.5M-bird.avi']
1620522316.1987555,mobilenet,2979.0,['1.8M-deserted_bench_197838.jpg']
1620522316.9603384,mobilenet,2930.0,['2.4M-venice_in_winter_513381.jpg']
1620522317.2043996,lrtrain,47935.0,['20M-reviews.csv']
1620522317.4076538,videoprocess,6542.0,['5.6M-DLP_PART_2_768k.avi']
1620522319.2732894,floatmatmult,11399.0,"['matrix1_4000_0.3.txt', 'matrix1_4000_0.3.txt']"
1620522319.772573,encrypt,34271.5,"['50000.0', '100.0']"
1620522320.0685008,floatmatmult,3588.0,"['matrix1_2000_0.7.txt', 'matrix1_2000_0.7.txt']"
1620522320.9784136,imageprocess,1597.0,['6.4M-peacock_butterfly_2_514342.jpg']
1620522322.2309368,sentiment,14421.0,['2500-strings.json']
1620522322.9232798,videoprocess,5612.0,['2.2M-star_trails.avi']
1620522325.5272725,floatmatmult,2736.0,"['matrix1_2000_0.1.txt', 'matrix1_2000_0.1.txt']"
1620522325.6810448,encrypt,17276.5,"['50000.0', '50.0']"
1620522325.8969843,linpack,20656.87715930902,['4500.0']
1620522326.3550982,linpack,2522.0,['500.0']
1620522326.521831,lrtrain,208818.0,['100M-reviews.csv']
1620522327.2170522,linpack,37507.22744721689,['9500.0']
1620522327.24657,mobilenet,3051.5,['3.4M-glass_chess_2_515415.jpg']
1620522327.3105643,sentiment,4663.0,['750-strings.json']
1620522327.8451283,mobilenet,3084.5,['8.2M-my_soul_517211.jpg']
1620522327.948818,imageprocess,2248.0,['7.9M-craggy_rock_517201.jpg']
1620522327.9998035,mobilenet,3069.0,['3.7M-south_boston_va_516934.jpg']
1620522328.0477328,mobilenet,3015.5,['5.6M-statue_of_liberty_original_model_version_2_517010.jpg']
1620522328.6557007,mobilenet,2889.5,['916K-pollution_2_514607.jpg']
1620522328.691682,encrypt,80.5,"['500.0', '10.0']"
1620522329.4068322,floatmatmult,1397.0,"['matrix1_1000_0.7.txt', 'matrix1_1000_0.7.txt']"
1620522329.692751,floatmatmult,63443.5,"['matrix1_8000_0.9.txt', 'matrix1_8000_0.9.txt']"
1620522329.7142653,encrypt,10401.0,"['50000.0', '30.0']"
1620522330.8960118,linpack,15601.77207293666,['3000.0']
1620522332.2516847,mobilenet,3055.5,['5.7M-forest_floor_515925.jpg']
1620522332.5258324,imageprocess,1914.5,['1.3M-one_tacky_cup_515072.jpg']
1620522332.7005491,floatmatmult,1371.5,"['matrix1_1000_0.5.txt', 'matrix1_1000_0.5.txt']"
1620522333.6608593,mobilenet,2982.5,['2.5M-feliz_quinta_flower_513506.jpg']
1620522333.8561444,mobilenet,3033.0,['1.6M-white_tulips_514483.jpg']
1620522336.7812946,videoprocess,6990.0,['3.8M.mp4']
1620522337.391602,lrtrain,105881.0,['50M-reviews.csv']
1620522338.6764512,imageprocess,2416.0,['6.3M-cafe_coffe_515939.jpg']
1620522338.7594314,encrypt,398.0,"['1000.0', '50.0']"
1620522338.7766373,videoprocess,531.0,['820K-cbw3.avi']
1620522339.1828232,videoprocess,397.0,['284K-flame.avi']
1620522339.3960636,videoprocess,4964.0,['2.2M.mp4']
1620522339.4344137,videoprocess,814.5,['404K-small.avi']
1620522339.470239,lrtrain,15365.0,['10M-reviews.csv']
1620522340.1709986,encrypt,1088.5,"['5000.0', '30.0']"
1620522340.3812401,imageprocess,2608.5,['1.4M-leaves_of_grass_515433.jpg']
1620522341.2397213,encrypt,104.0,"['1000.0', '10.0']"
1620522341.6495821,lrtrain,47935.0,['20M-reviews.csv']
1620522342.1542614,lrtrain,208818.0,['100M-reviews.csv']
1620522342.4399502,linpack,34137.157389635315,['8500.0']
1620522342.491953,floatmatmult,1163.0,"['matrix1_1000_0.1.txt', 'matrix1_1000_0.1.txt']"
1620522342.5411596,floatmatmult,1481.0,"['matrix1_1000_0.9.txt', 'matrix1_1000_0.9.txt']"
1620522342.6502335,sentiment,16049.5,['2750-strings.json']
1620522343.7166016,imageprocess,2262.0,['6.8M-eiffel_ice_516309.jpg']
1620522344.0237095,lrtrain,105881.0,['50M-reviews.csv']
1620522344.9089596,imageprocess,3225.0,['1.7M-joe_joe_taking_flight_513760.jpg']
1620522345.5995228,imageprocess,1821.0,['4.9M-seeing_red_515961.jpg']
1620522345.6808586,floatmatmult,48252.5,"['matrix1_8000_0.1.txt', 'matrix1_8000_0.1.txt']"
1620522345.6939313,sentiment,6034.0,['1000-strings.json']
1620522346.2583425,floatmatmult,31556.0,"['matrix1_6000_0.5.txt', 'matrix1_6000_0.5.txt']"
1620522346.2981074,linpack,8019.114443378119,['750.0']
1620522348.4036987,videoprocess,8385.0,['4.9M.mp4']
1620522348.660503,encrypt,739.0,"['10000.0', '10.0']"
1620522348.8474321,lrtrain,15365.0,['10M-reviews.csv']
1620522349.6114454,lrtrain,47935.0,['20M-reviews.csv']
1620522349.86086,linpack,31019.5,['7500.0']
1620522350.4742045,lrtrain,208818.0,['100M-reviews.csv']
1620522350.7063406,encrypt,1793.5,"['5000.0', '50.0']"
1620522351.0207422,linpack,27397.017274472164,['6500.0']
1620522351.0696187,mobilenet,2957.0,['2.5M-fashion_cupcakes_513638.jpg']
1620522352.3428578,floatmatmult,10375.5,"['matrix1_4000_0.1.txt', 'matrix1_4000_0.1.txt']"
1620522352.6234915,lrtrain,105881.0,['50M-reviews.csv']
1620522352.8939137,lrtrain,15365.0,['10M-reviews.csv']
1620522353.0010133,imageprocess,3259.5,['4.2M-praa_sands_2_516054.jpg']
1620522353.2547126,linpack,15221.0,['2000.0']
1620522353.420116,videoprocess,4683.5,['3.8M-lion-sample.avi']
1620522353.5875602,encrypt,250.0,"['1000.0', '30.0']"
1620522353.8852508,encrypt,11929.5,"['35000.0', '50.0']"
1620522354.7961876,floatmatmult,3300.0,"['matrix1_2000_0.5.txt', 'matrix1_2000_0.5.txt']"
1620522355.0758,videoprocess,475.0,['660K-drop.avi']
1620522355.5842927,mobilenet,3075.0,['7.8M-heavy_snow_2_516009.jpg']
1620522355.8300416,sentiment,1786.5,['250-strings.json']
1620522356.034775,floatmatmult,33575.0,"['matrix1_6000_0.7.txt', 'matrix1_6000_0.7.txt']"
1620522356.303593,videoprocess,9439.0,['6.1M.mp4']
1620522356.8277104,videoprocess,3078.5,['4.9M-640.avi']
1620522358.246636,floatmatmult,59077.5,"['matrix1_8000_0.7.txt', 'matrix1_8000_0.7.txt']"
1620522359.942958,lrtrain,47935.0,['20M-reviews.csv']
1620522360.1023986,encrypt,145.5,"['500.0', '30.0']"
1620522360.7270794,sentiment,521.0,['50-strings.json']
1620522361.4821556,lrtrain,208818.0,['100M-reviews.csv']
1620522361.6129014,lrtrain,105881.0,['50M-reviews.csv']
1620522362.4502099,lrtrain,15365.0,['10M-reviews.csv']
1620522362.5125737,lrtrain,47935.0,['20M-reviews.csv']
1620522362.7261183,mobilenet,3116.0,['4.0M-quotfrench_lacequot_rose_516786.jpg']
1620522362.8928313,floatmatmult,51849.0,"['matrix1_8000_0.3.txt', 'matrix1_8000_0.3.txt']"
1620522363.1089535,mobilenet,2946.5,['952K-iris_and_daisies_2_194935.jpg']
1620522363.9850624,imageprocess,2076.0,['5.1M-itsthemensworld_514784.jpg']
1620522365.5272355,imageprocess,1268.0,['4.6M-that_was_the_end_this_is_the_begining_513290.jpg']
1620522365.8474863,mobilenet,2984.5,['1.3M-pigeon_2_197296.jpg']
1620522365.9207714,videoprocess,3086.0,['1008K-grb_2.avi']
1620522366.0404265,sentiment,12872.0,['2250-strings.json']
1620522366.3683534,imageprocess,1083.0,['1.8M-deserted_bench_197838.jpg']
1620522367.0599084,encrypt,921.0,"['5000.0', '25.0']"
1620522367.1793668,videoprocess,17160.5,['11M-SampleVideo_1280x720_10mb.mp4']
1620522367.454181,floatmatmult,34877.5,"['matrix1_6000_0.9.txt', 'matrix1_6000_0.9.txt']"
1620522368.494987,mobilenet,3069.0,['9.2M-rose_2_514080.jpg']
1620522368.667898,lrtrain,208818.0,['100M-reviews.csv']
1620522368.9406853,mobilenet,2952.0,['3.0M-french_fries_516538.jpg']
1620522370.3238854,linpack,7837.5,['1000.0']
1620522370.4553106,lrtrain,105881.0,['50M-reviews.csv']
1620522370.7291725,linpack,20104.5,['3500.0']
1620522370.7548318,mobilenet,3081.0,['2.9M-water_splash_515404.jpg']
1620522371.7396624,videoprocess,9070.0,['5.6M.mp4']
1620522372.0749,encrypt,7234.5,"['35000.0', '30.0']"
1620522372.4818544,mobilenet,3209.5,['17M-week_2_majestic_rock_514665.jpg']
1620522372.5985832,linpack,29082.05230326295,['7000.0']
1620522372.9759083,linpack,10546.666986564298,['1500.0']
1620522373.2714813,lrtrain,15365.0,['10M-reviews.csv']
1620522373.3296711,imageprocess,1777.0,['2.4M-venice_in_winter_513381.jpg']
1620522373.4274635,sentiment,804.5,['100-strings.json']
1620522373.6085422,lrtrain,47935.0,['20M-reviews.csv']
1620522373.9949787,linpack,6334.079414587332,['250.0']
1620522374.1276538,floatmatmult,12201.5,"['matrix1_4000_0.5.txt', 'matrix1_4000_0.5.txt']"
1620522374.4500952,imageprocess,1887.0,['3.4M-glass_chess_2_515415.jpg']
1620522374.889717,linpack,32452.12236084453,['8000.0']
1620522377.1056306,mobilenet,3160.0,['5.9M-camping_516859.jpg']
1620522379.648754,mobilenet,2969.0,['3.2M-heathcote_515292.jpg']
1620522379.7671134,encrypt,6089.5,"['35000.0', '25.0']"
1620522380.0850499,linpack,36696.5,['10000.0']
1620522380.1629217,floatmatmult,26583.0,"['matrix1_6000_0.1.txt', 'matrix1_6000_0.1.txt']"
1620522380.325689,imageprocess,2132.5,['8.2M-my_soul_517211.jpg']
1620522380.4977949,encrypt,212.0,"['1000.0', '25.0']"
1620522380.5654001,linpack,24457.0,['5000.0']
1620522380.5986636,floatmatmult,3006.0,"['matrix1_2000_0.3.txt', 'matrix1_2000_0.3.txt']"
1620522381.1564305,floatmatmult,13297.5,"['matrix1_4000_0.7.txt', 'matrix1_4000_0.7.txt']"
1620522381.770992,mobilenet,2951.0,['1.8M-opera_2_199207.jpg']
1620522382.8768098,imageprocess,1743.0,['3.7M-south_boston_va_516934.jpg']
1620522382.9575121,mobilenet,3007.0,['1.9M-walk_away_517169.jpg']
1620522383.8851213,lrtrain,208818.0,['100M-reviews.csv']
1620522384.0356305,videoprocess,4369.0,['6.1M-720.avi']
1620522384.0450034,sentiment,3266.5,['500-strings.json']
1620522384.867042,imageprocess,2260.0,['5.6M-statue_of_liberty_original_model_version_2_517010.jpg']
1620522385.1424062,mobilenet,3338.0,['18M-sand_dunes_nightlife_516040.jpg']
1620522385.9473138,sentiment,8838.0,['1500-strings.json']
1620522387.0762522,linpack,25711.982245681374,['6000.0']
1620522387.2220085,encrypt,2457.0,"['35000.0', '10.0']"
1620522387.2666774,linpack,18971.842130518235,['4000.0']
1620522387.771101,mobilenet,2912.5,['2.4M-autumn_trees_2_194901.jpg']
1620522388.1591744,lrtrain,105881.0,['50M-reviews.csv']
1620522388.2130032,videoprocess,672.0,['1.5M-bird.avi']
1620522388.8107188,lrtrain,15365.0,['10M-reviews.csv']
1620522389.129078,encrypt,410.5,"['500.0', '100.0']"
1620522389.3469055,sentiment,17761.5,['3000-strings.json']
1620522389.504122,imageprocess,931.5,['916K-pollution_2_514607.jpg']
1620522389.534135,sentiment,10701.0,['1750-strings.json']
1620522389.7046907,encrypt,1769.5,"['10000.0', '25.0']"
1620522389.7337596,floatmatmult,13819.0,"['matrix1_4000_0.9.txt', 'matrix1_4000_0.9.txt']"
1620522390.2505755,mobilenet,3124.5,['3.8M-sunset_and_evening_2_of_2_515480.jpg']
1620522391.0940735,videoprocess,6542.0,['5.6M-DLP_PART_2_768k.avi']
1620522391.1032388,floatmatmult,1281.0,"['matrix1_1000_0.3.txt', 'matrix1_1000_0.3.txt']"
1620522391.178855,mobilenet,2999.5,['4.5M-more_toys_514506.jpg']
1620522391.265289,linpack,35822.1924184261,['9000.0']
1620522391.38443,lrtrain,47935.0,['20M-reviews.csv']
1620522392.0963576,sentiment,11671.0,['2000-strings.json']
1620522392.633413,linpack,13916.737044145872,['2500.0']
1620522393.052784,linpack,24026.947216890592,['5500.0']
1620522393.3471594,floatmatmult,29003.0,"['matrix1_6000_0.3.txt', 'matrix1_6000_0.3.txt']"
1620522394.2153735,linpack,20656.87715930902,['4500.0']
1620522394.3059826,lrtrain,208818.0,['100M-reviews.csv']
1620522394.815755,mobilenet,3626.0,['13M-st_basils_cathedral_2_516323.jpg']
1620522394.8519642,imageprocess,2098.5,['5.7M-forest_floor_515925.jpg']
1620522394.9739356,lrtrain,105881.0,['50M-reviews.csv']
1620522395.0661323,lrtrain,15365.0,['10M-reviews.csv']
1620522395.169258,floatmatmult,57067.5,"['matrix1_8000_0.5.txt', 'matrix1_8000_0.5.txt']"
1620522396.295716,sentiment,7394.0,['1250-strings.json']
1620522396.3734798,videoprocess,5612.0,['2.2M-star_trails.avi']
1620522399.1672237,floatmatmult,3662.0,"['matrix1_2000_0.9.txt', 'matrix1_2000_0.9.txt']"
1620522401.0252497,linpack,2522.0,['500.0']
1620522401.4018521,videoprocess,6990.0,['3.8M.mp4']
1620522401.605173,linpack,37507.22744721689,['9500.0']
1620522402.4338284,linpack,15601.77207293666,['3000.0']
1620522402.6450205,imageprocess,1587.0,['2.5M-feliz_quinta_flower_513506.jpg']
1620522403.1153162,imageprocess,2369.0,['1.6M-white_tulips_514483.jpg']
1620522403.1552875,lrtrain,47935.0,['20M-reviews.csv']
1620522403.4628234,videoprocess,531.0,['820K-cbw3.avi']
1620522403.7074609,lrtrain,208818.0,['100M-reviews.csv']
1620522403.8640485,floatmatmult,11399.0,"['matrix1_4000_0.3.txt', 'matrix1_4000_0.3.txt']"
1620522404.0875967,sentiment,14421.0,['2500-strings.json']
1620522404.731465,sentiment,4663.0,['750-strings.json']
1620522405.005002,videoprocess,397.0,['284K-flame.avi']
1620522405.7440412,encrypt,5222.0,"['10000.0', '75.0']"
1620522406.8519497,sentiment,16049.5,['2750-strings.json']
1620522407.7584407,imageprocess,1517.5,['2.5M-fashion_cupcakes_513638.jpg']
1620522408.6295056,lrtrain,105881.0,['50M-reviews.csv']
1620522409.6161447,sentiment,6034.0,['1000-strings.json']
1620522409.9390259,lrtrain,15365.0,['10M-reviews.csv']
1620522410.0157208,encrypt,2116.0,"['10000.0', '30.0']"
1620522410.9564188,imageprocess,1341.5,['7.8M-heavy_snow_2_516009.jpg']
1620522411.5707836,lrtrain,47935.0,['20M-reviews.csv']
1620522411.6965022,lrtrain,208818.0,['100M-reviews.csv']
1620522412.0187795,sentiment,1786.5,['250-strings.json']
1620522412.3256269,lrtrain,105881.0,['50M-reviews.csv']
1620522413.014472,imageprocess,2471.0,['4.0M-quotfrench_lacequot_rose_516786.jpg']
1620522413.3994522,videoprocess,4964.0,['2.2M.mp4']
1620522413.8274016,sentiment,521.0,['50-strings.json']
1620522414.127716,mobilenet,3077.0,['4.7M-cape_daisy_2_514383.jpg']
1620522414.247373,encrypt,577.0,"['1000.0', '75.0']"
1620522414.4304948,encrypt,25640.5,"['50000.0', '75.0']"
1620522415.8247855,encrypt,315.0,"['500.0', '75.0']"
1620522416.375215,mobilenet,2984.0,['3.9M-mouettes_seagulls_514235.jpg']
1620522416.995973,mobilenet,2983.0,['4.5M-hunting_a_toy_514521.jpg']
1620522417.4338028,sentiment,12872.0,['2250-strings.json']
1620522417.5120203,sentiment,804.5,['100-strings.json']
1620522417.8765125,encrypt,126.5,"['500.0', '25.0']"
1620522418.148705,imageprocess,1081.5,['952K-iris_and_daisies_2_194935.jpg']
1620522418.2371638,linpack,34137.157389635315,['8500.0']
1620522418.417023,encrypt,8655.0,"['50000.0', '25.0']"
1620522418.641672,linpack,8019.114443378119,['750.0']
1620522421.2423615,sentiment,3266.5,['500-strings.json']
1620522421.613749,imageprocess,1522.0,['1.3M-pigeon_2_197296.jpg']
1620522422.5439835,linpack,31019.5,['7500.0']
1620522423.2476678,floatmatmult,3588.0,"['matrix1_2000_0.7.txt', 'matrix1_2000_0.7.txt']"
1620522424.0527418,floatmatmult,2736.0,"['matrix1_2000_0.1.txt', 'matrix1_2000_0.1.txt']"
1620522424.7561295,encrypt,3488.5,"['10000.0', '50.0']"
1620522426.1914601,lrtrain,15365.0,['10M-reviews.csv']
1620522426.195049,imageprocess,1616.0,['9.2M-rose_2_514080.jpg']
1620522427.22917,lrtrain,47935.0,['20M-reviews.csv']
1620522427.9547665,linpack,27397.017274472164,['6500.0']
1620522427.982972,floatmatmult,1397.0,"['matrix1_1000_0.7.txt', 'matrix1_1000_0.7.txt']"
1620522428.260884,imageprocess,1222.5,['3.0M-french_fries_516538.jpg']
1620522429.4860916,sentiment,8838.0,['1500-strings.json']
1620522429.8453517,mobilenet,3114.5,['4.3M-sunset_and_evening_1_of_2_515486.jpg']
1620522430.2396107,lrtrain,208818.0,['100M-reviews.csv']
1620522430.5595145,imageprocess,1820.0,['2.9M-water_splash_515404.jpg']
1620522431.667631,linpack,15221.0,['2000.0']
1620522431.7785814,linpack,7837.5,['1000.0']
1620522431.8838134,linpack,20104.5,['3500.0']
1620522431.985203,imageprocess,2099.0,['17M-week_2_majestic_rock_514665.jpg']
1620522432.1011,linpack,29082.05230326295,['7000.0']
1620522432.9436295,videoprocess,814.5,['404K-small.avi']
1620522432.9503047,linpack,10546.666986564298,['1500.0']
1620522434.8208122,linpack,6334.079414587332,['250.0']
1620522434.958745,encrypt,3549.0,"['5000.0', '100.0']"
1620522435.7031488,mobilenet,3053.5,['7.8M-26365_kitty_515094.jpg']
1620522437.0797286,sentiment,17761.5,['3000-strings.json']
1620522437.8155808,linpack,32452.12236084453,['8000.0']
1620522440.054562,sentiment,10701.0,['1750-strings.json']
1620522440.2548952,sentiment,11671.0,['2000-strings.json']
1620522440.439646,imageprocess,3049.5,['5.9M-camping_516859.jpg']
1620522440.839805,mobilenet,2941.0,['5.7M-winter_in_leeds_513733.jpg']
1620522441.0028126,sentiment,7394.0,['1250-strings.json']
1620522441.1834505,floatmatmult,63443.5,"['matrix1_8000_0.9.txt', 'matrix1_8000_0.9.txt']"
1620522441.326182,imageprocess,1167.5,['3.2M-heathcote_515292.jpg']
1620522441.483498,imageprocess,1759.0,['1.8M-opera_2_199207.jpg']
1620522442.034123,imageprocess,1738.0,['1.9M-walk_away_517169.jpg']
1620522442.856024,linpack,36696.5,['10000.0']
1620522443.433129,linpack,24457.0,['5000.0']
1620522443.5402389,mobilenet,3472.5,['30M-river_landscape_515440.jpg']
1620522444.4033422,linpack,25711.982245681374,['6000.0']
1620522445.2892969,lrtrain,105881.0,['50M-reviews.csv']
1620522445.5179727,videoprocess,8385.0,['4.9M.mp4']
1620522446.1134462,mobilenet,2997.5,['6.1M-simple_landscape_2_515009.jpg']
1620522447.0722992,lrtrain,15365.0,['10M-reviews.csv']
1620522449.6539454,floatmatmult,1371.5,"['matrix1_1000_0.5.txt', 'matrix1_1000_0.5.txt']"
1620522449.9228427,linpack,18971.842130518235,['4000.0']
1620522451.6814823,sentiment,14421.0,['2500-strings.json']
1620522451.8769794,videoprocess,4683.5,['3.8M-lion-sample.avi']
1620522452.051357,videoprocess,475.0,['660K-drop.avi']
1620522452.5705214,videoprocess,9439.0,['6.1M.mp4']
1620522452.744609,linpack,35822.1924184261,['9000.0']
1620522452.7828574,mobilenet,3089.0,['5.6M-pink_sorrel_515688.jpg']
1620522453.0878515,videoprocess,3078.5,['4.9M-640.avi']
1620522453.4755974,mobilenet,3360.0,['13M-forest_515915.jpg']
1620522453.53772,videoprocess,3086.0,['1008K-grb_2.avi']
1620522453.7304125,encrypt,3518.5,"['50000.0', '10.0']"
1620522454.4735787,encrypt,6981.0,"['10000.0', '100.0']"
1620522455.0565631,lrtrain,47935.0,['20M-reviews.csv']
1620522455.9471004,videoprocess,17160.5,['11M-SampleVideo_1280x720_10mb.mp4']
1620522456.0329304,encrypt,2701.0,"['5000.0', '75.0']"
1620522456.4821792,imageprocess,2560.0,['18M-sand_dunes_nightlife_516040.jpg']
1620522456.5301812,encrypt,757.0,"['1000.0', '100.0']"
1620522456.5435915,videoprocess,9070.0,['5.6M.mp4']
1620522457.60213,floatmatmult,1163.0,"['matrix1_1000_0.1.txt', 'matrix1_1000_0.1.txt']"
1620522457.8063977,imageprocess,1095.0,['2.4M-autumn_trees_2_194901.jpg']
1620522457.826928,videoprocess,4369.0,['6.1M-720.avi']
1620522458.7203896,lrtrain,208818.0,['100M-reviews.csv']
1620522459.0526228,floatmatmult,1481.0,"['matrix1_1000_0.9.txt', 'matrix1_1000_0.9.txt']"
1620522459.691997,floatmatmult,48252.5,"['matrix1_8000_0.1.txt', 'matrix1_8000_0.1.txt']"
1620522459.9227073,linpack,13916.737044145872,['2500.0']
1620522459.9846902,videoprocess,672.0,['1.5M-bird.avi']
1620522460.2974598,imageprocess,2589.5,['3.8M-sunset_and_evening_2_of_2_515480.jpg']
1620522461.6752722,sentiment,4663.0,['750-strings.json']
1620522461.9684412,linpack,24026.947216890592,['5500.0']
1620522462.713924,linpack,20656.87715930902,['4500.0']
1620522463.64824,encrypt,223.0,"['500.0', '50.0']"
1620522463.860063,linpack,2522.0,['500.0']
1620522464.2386148,lrtrain,105881.0,['50M-reviews.csv']
1620522464.654813,videoprocess,6542.0,['5.6M-DLP_PART_2_768k.avi']
1620522465.3143406,floatmatmult,31556.0,"['matrix1_6000_0.5.txt', 'matrix1_6000_0.5.txt']"
1620522466.978639,sentiment,16049.5,['2750-strings.json']
1620522467.0869737,videoprocess,5612.0,['2.2M-star_trails.avi']
1620522467.3126616,linpack,37507.22744721689,['9500.0']
1620522467.876073,floatmatmult,10375.5,"['matrix1_4000_0.1.txt', 'matrix1_4000_0.1.txt']"
1620522468.2339876,floatmatmult,3300.0,"['matrix1_2000_0.5.txt', 'matrix1_2000_0.5.txt']"
1620522468.2856085,floatmatmult,33575.0,"['matrix1_6000_0.7.txt', 'matrix1_6000_0.7.txt']"
1620522470.207291,encrypt,385.5,"['5000.0', '10.0']"
1620522470.8299863,lrtrain,15365.0,['10M-reviews.csv']
1620522470.9721558,lrtrain,47935.0,['20M-reviews.csv']
1620522472.4178739,mobilenet,2996.5,['4.5M-forest_513174.jpg']
1620522472.5087686,lrtrain,208818.0,['100M-reviews.csv']
1620522473.8236094,videoprocess,6990.0,['3.8M.mp4']
1620522474.109598,encrypt,23943.5,"['35000.0', '100.0']"
1620522474.1799228,mobilenet,3065.0,['6.1M-fire_514822.jpg']
1620522474.2137282,linpack,15601.77207293666,['3000.0']
1620522474.5859745,linpack,34137.157389635315,['8500.0']
1620522475.3359282,floatmatmult,59077.5,"['matrix1_8000_0.7.txt', 'matrix1_8000_0.7.txt']"
1620522475.9275913,linpack,8019.114443378119,['750.0']
1620522476.0228224,imageprocess,1244.5,['4.5M-more_toys_514506.jpg']
1620522477.8682187,sentiment,6034.0,['1000-strings.json']
1620522478.1565988,imageprocess,2462.0,['13M-st_basils_cathedral_2_516323.jpg']
1620522479.0991898,mobilenet,3055.5,['6.2M-dark_city_513227.jpg']
1620522479.6157415,videoprocess,531.0,['820K-cbw3.avi']
1620522479.8443172,lrtrain,105881.0,['50M-reviews.csv']
1620522479.9870918,floatmatmult,51849.0,"['matrix1_8000_0.3.txt', 'matrix1_8000_0.3.txt']"
1620522480.0810378,imageprocess,1841.5,['4.7M-cape_daisy_2_514383.jpg']
1620522480.1477957,imageprocess,1450.5,['3.9M-mouettes_seagulls_514235.jpg']
1620522480.628935,lrtrain,15365.0,['10M-reviews.csv']
1620522481.4237084,linpack,31019.5,['7500.0']
1620522481.7612395,encrypt,17921.0,"['35000.0', '75.0']"
1620522481.9631367,mobilenet,2947.5,['3.5M-standing_restrictions_explored_14th_january_2013_46_513166.jpg']
1620522482.2012682,lrtrain,47935.0,['20M-reviews.csv']
1620522482.2217538,mobilenet,2976.0,['1.3M-daisy_514381.jpg']
1620522482.5173557,mobilenet,3068.0,['5.7M-yantra_river_514678.jpg']
1620522484.2641091,imageprocess,1671.5,['4.5M-hunting_a_toy_514521.jpg']
1620522484.3281314,sentiment,1786.5,['250-strings.json']
1620522484.48382,floatmatmult,34877.5,"['matrix1_6000_0.9.txt', 'matrix1_6000_0.9.txt']"
1620522485.3943558,lrtrain,208818.0,['100M-reviews.csv']
1620522485.6526668,floatmatmult,12201.5,"['matrix1_4000_0.5.txt', 'matrix1_4000_0.5.txt']"
1620522486.128211,mobilenet,2983.0,['4.6M-german_air_force_a340_3001602_517125.jpg']
1620522486.1655369,mobilenet,3054.0,['4.1M-backlit_flower_513144.jpg']
1620522486.5871077,videoprocess,397.0,['284K-flame.avi']
1620522487.3270369,floatmatmult,26583.0,"['matrix1_6000_0.1.txt', 'matrix1_6000_0.1.txt']"
1620522487.906013,sentiment,521.0,['50-strings.json']
1620522488.8284144,videoprocess,4964.0,['2.2M.mp4']
1620522489.1025434,sentiment,12872.0,['2250-strings.json']
1620522489.8605163,imageprocess,2934.5,['4.3M-sunset_and_evening_1_of_2_515486.jpg']
1620522490.3358335,floatmatmult,3006.0,"['matrix1_2000_0.3.txt', 'matrix1_2000_0.3.txt']"
1620522490.5038042,floatmatmult,13297.5,"['matrix1_4000_0.7.txt', 'matrix1_4000_0.7.txt']"
1620522490.5469496,videoprocess,814.5,['404K-small.avi']
1620522490.6073987,encrypt,34271.5,"['50000.0', '100.0']"
1620522491.2726872,videoprocess,8385.0,['4.9M.mp4']
1620522493.0138094,encrypt,17276.5,"['50000.0', '50.0']"
1620522493.121501,lrtrain,105881.0,['50M-reviews.csv']
1620522493.5393755,linpack,27397.017274472164,['6500.0']
1620522493.5896506,linpack,15221.0,['2000.0']
1620522494.2729547,imageprocess,1640.5,['7.8M-26365_kitty_515094.jpg']
1620522494.4049942,videoprocess,4683.5,['3.8M-lion-sample.avi']
1620522494.699501,videoprocess,475.0,['660K-drop.avi']
1620522494.7117229,lrtrain,15365.0,['10M-reviews.csv']
1620522495.04771,sentiment,804.5,['100-strings.json']
1620522495.064004,linpack,7837.5,['1000.0']
1620522496.2924364,imageprocess,1073.5,['5.7M-winter_in_leeds_513733.jpg']
1620522497.0609248,mobilenet,3007.0,['2.5M-red_velvet_514717.jpg']
1620522497.2724125,videoprocess,9439.0,['6.1M.mp4']
1620522497.275621,sentiment,3266.5,['500-strings.json']
1620522497.8781126,lrtrain,47935.0,['20M-reviews.csv']
1620522499.3767664,mobilenet,2964.5,['1.4M-sunset_river_514676.jpg']
1620522500.7255898,imageprocess,3441.5,['30M-river_landscape_515440.jpg']
1620522501.69878,floatmatmult,13819.0,"['matrix1_4000_0.9.txt', 'matrix1_4000_0.9.txt']"
1620522502.4127178,mobilenet,3515.0,['28M-the_river_514681.jpg']
1620522502.9736855,linpack,20104.5,['3500.0']
1620522503.0023866,encrypt,80.5,"['500.0', '10.0']"
1620522503.4917207,videoprocess,3078.5,['4.9M-640.avi']
1620522503.7817268,lrtrain,208818.0,['100M-reviews.csv']
1620522504.1322188,linpack,29082.05230326295,['7000.0']
1620522504.2752492,mobilenet,2974.5,['4.0M-hi_there_513531.jpg']
1620522504.3977234,floatmatmult,1281.0,"['matrix1_1000_0.3.txt', 'matrix1_1000_0.3.txt']"
1620522505.048074,sentiment,8838.0,['1500-strings.json']
1620522505.3118577,sentiment,17761.5,['3000-strings.json']
1620522506.6033223,imageprocess,1482.0,['6.1M-simple_landscape_2_515009.jpg']
1620522506.6413803,encrypt,10401.0,"['50000.0', '30.0']"
1620522506.6750882,sentiment,10701.0,['1750-strings.json']
1620522508.0798585,imageprocess,2262.5,['5.6M-pink_sorrel_515688.jpg']
1620522508.3577013,encrypt,398.0,"['1000.0', '50.0']"
1620522508.484834,imageprocess,4576.5,['13M-forest_515915.jpg']
1620522508.8550029,mobilenet,3400.5,['12M-disabled_fashion_513292.jpg']
1620522509.2598197,floatmatmult,29003.0,"['matrix1_6000_0.3.txt', 'matrix1_6000_0.3.txt']"
1620522509.415154,mobilenet,3382.5,['7.4M-ford_gt_35_15_516157.jpg']
1620522509.9998574,mobilenet,2980.5,['1.6M-lisbon_sunset_514529.jpg']
1620522511.990809,mobilenet,2992.5,['6.4M-peacock_butterfly_2_514342.jpg']
1620522512.0086863,linpack,10546.666986564298,['1500.0']
1620522512.2052393,mobilenet,3112.0,['7.9M-craggy_rock_517201.jpg']
1620522512.2419937,sentiment,11671.0,['2000-strings.json']
1620522512.609519,sentiment,7394.0,['1250-strings.json']
1620522512.6686304,mobilenet,2950.0,['1.3M-one_tacky_cup_515072.jpg']
1620522514.3254733,floatmatmult,57067.5,"['matrix1_8000_0.5.txt', 'matrix1_8000_0.5.txt']"
1620522514.3284113,videoprocess,3086.0,['1008K-grb_2.avi']
1620522514.6704025,floatmatmult,3662.0,"['matrix1_2000_0.9.txt', 'matrix1_2000_0.9.txt']"
1620522514.754668,lrtrain,105881.0,['50M-reviews.csv']
1620522515.9352498,linpack,6334.079414587332,['250.0']
1620522516.7568505,videoprocess,17160.5,['11M-SampleVideo_1280x720_10mb.mp4']
1620522518.7720125,sentiment,14421.0,['2500-strings.json']
1620522519.1704578,mobilenet,3109.0,['6.3M-cafe_coffe_515939.jpg']
1620522519.4071004,mobilenet,3033.5,['1.4M-leaves_of_grass_515433.jpg']
1620522519.5207434,imageprocess,1498.0,['4.5M-forest_513174.jpg']
1620522519.6573904,sentiment,4663.0,['750-strings.json']
1620522520.9886224,lrtrain,15365.0,['10M-reviews.csv']
1620522522.3782792,lrtrain,47935.0,['20M-reviews.csv']
1620522523.0987396,linpack,32452.12236084453,['8000.0']
1620522523.6372657,floatmatmult,11399.0,"['matrix1_4000_0.3.txt', 'matrix1_4000_0.3.txt']"
1620522526.5766892,floatmatmult,3588.0,"['matrix1_2000_0.7.txt', 'matrix1_2000_0.7.txt']"
1620522527.354608,linpack,36696.5,['10000.0']
1620522528.213645,imageprocess,1821.0,['6.1M-fire_514822.jpg']
1620522528.2566683,linpack,24457.0,['5000.0']
1620522528.9405963,encrypt,1088.5,"['5000.0', '30.0']"
1620522529.2486222,mobilenet,3159.0,['6.8M-eiffel_ice_516309.jpg']
1620522530.681491,mobilenet,3125.5,['1.7M-joe_joe_taking_flight_513760.jpg']
1620522530.8591373,sentiment,16049.5,['2750-strings.json']
1620522530.9347281,videoprocess,9070.0,['5.6M.mp4']
1620522531.5005848,encrypt,104.0,"['1000.0', '10.0']"
1620522532.378186,encrypt,739.0,"['10000.0', '10.0']"
1620522533.2250862,lrtrain,208818.0,['100M-reviews.csv']
1620522533.348057,sentiment,6034.0,['1000-strings.json']
1620522533.9520593,lrtrain,105881.0,['50M-reviews.csv']
1620522533.9834561,linpack,25711.982245681374,['6000.0']
1620522534.8564708,floatmatmult,2736.0,"['matrix1_2000_0.1.txt', 'matrix1_2000_0.1.txt']"
1620522535.191272,linpack,18971.842130518235,['4000.0']
1620522535.398688,mobilenet,3039.5,['4.9M-seeing_red_515961.jpg']
1620522535.4980714,floatmatmult,1397.0,"['matrix1_1000_0.7.txt', 'matrix1_1000_0.7.txt']"
1620522535.6340156,sentiment,1786.5,['250-strings.json']
1620522536.276998,sentiment,521.0,['50-strings.json']
1620522536.3246918,videoprocess,4369.0,['6.1M-720.avi']
1620522536.4063365,videoprocess,672.0,['1.5M-bird.avi']
1620522537.3291523,encrypt,1793.5,"['5000.0', '50.0']"
1620522537.659277,videoprocess,6542.0,['5.6M-DLP_PART_2_768k.avi']
1620522537.8486583,encrypt,250.0,"['1000.0', '30.0']"
1620522539.002953,sentiment,12872.0,['2250-strings.json']
1620522539.1283054,videoprocess,5612.0,['2.2M-star_trails.avi']
1620522539.312267,mobilenet,3172.5,['4.2M-praa_sands_2_516054.jpg']
1620522539.5852575,mobilenet,3018.5,['5.1M-itsthemensworld_514784.jpg']
1620522540.0652165,imageprocess,1697.0,['6.2M-dark_city_513227.jpg']
1620522540.1508162,videoprocess,6990.0,['3.8M.mp4']
1620522540.7821531,encrypt,11929.5,"['35000.0', '50.0']"
1620522540.7934155,encrypt,145.5,"['500.0', '30.0']"
1620522541.6817868,sentiment,804.5,['100-strings.json']
1620522542.8669872,encrypt,921.0,"['5000.0', '25.0']"
1620522543.229458,mobilenet,2924.5,['4.6M-that_was_the_end_this_is_the_begining_513290.jpg']
1620522543.4102817,imageprocess,1387.0,['3.5M-standing_restrictions_explored_14th_january_2013_46_513166.jpg']
1620522543.7360702,videoprocess,531.0,['820K-cbw3.avi']
1620522543.7375286,videoprocess,397.0,['284K-flame.avi']
1620522543.9006462,lrtrain,15365.0,['10M-reviews.csv']
1620522544.9954839,videoprocess,4964.0,['2.2M.mp4']
1620522545.0108783,imageprocess,1487.5,['1.3M-daisy_514381.jpg']
1620522546.0481353,sentiment,3266.5,['500-strings.json']
1620522546.7614484,sentiment,8838.0,['1500-strings.json']
1620522547.1341543,mobilenet,2979.0,['1.8M-deserted_bench_197838.jpg']
1620522547.2600543,imageprocess,1479.0,['5.7M-yantra_river_514678.jpg']
1620522547.656177,lrtrain,47935.0,['20M-reviews.csv']
1620522547.7231884,sentiment,17761.5,['3000-strings.json']
1620522548.0959165,mobilenet,2930.0,['2.4M-venice_in_winter_513381.jpg']
1620522548.3837864,lrtrain,208818.0,['100M-reviews.csv']
1620522549.184322,linpack,35822.1924184261,['9000.0']
1620522549.2212079,lrtrain,105881.0,['50M-reviews.csv']
1620522549.8655295,lrtrain,15365.0,['10M-reviews.csv']
1620522550.170358,lrtrain,47935.0,['20M-reviews.csv']
1620522550.4206715,mobilenet,3051.5,['3.4M-glass_chess_2_515415.jpg']
1620522550.4387681,imageprocess,1503.5,['4.6M-german_air_force_a340_3001602_517125.jpg']
1620522550.770191,videoprocess,814.5,['404K-small.avi']
1620522550.8391693,videoprocess,8385.0,['4.9M.mp4']
1620522550.8679802,lrtrain,208818.0,['100M-reviews.csv']
1620522550.9713748,linpack,13916.737044145872,['2500.0']
1620522551.1433673,floatmatmult,63443.5,"['matrix1_8000_0.9.txt', 'matrix1_8000_0.9.txt']"
1620522551.4361367,floatmatmult,1371.5,"['matrix1_1000_0.5.txt', 'matrix1_1000_0.5.txt']"
1620522553.7373848,linpack,24026.947216890592,['5500.0']
1620522553.989658,mobilenet,3084.5,['8.2M-my_soul_517211.jpg']
1620522554.2964807,lrtrain,105881.0,['50M-reviews.csv']
1620522554.6211746,videoprocess,4683.5,['3.8M-lion-sample.avi']
1620522554.7391894,sentiment,10701.0,['1750-strings.json']
1620522555.3834383,imageprocess,2038.5,['4.1M-backlit_flower_513144.jpg']
1620522555.8165283,sentiment,11671.0,['2000-strings.json']
1620522556.1637936,encrypt,7234.5,"['35000.0', '30.0']"
1620522556.1770551,videoprocess,475.0,['660K-drop.avi']
1620522556.4358492,mobilenet,3069.0,['3.7M-south_boston_va_516934.jpg']
1620522556.8899846,mobilenet,3015.5,['5.6M-statue_of_liberty_original_model_version_2_517010.jpg']
1620522557.4789488,videoprocess,9439.0,['6.1M.mp4']
1620522557.6995616,videoprocess,3078.5,['4.9M-640.avi']
